observed_date,price_status,availability,category,condition,mileage_unit,mileage_evidence,currency,variant,id,family,model_year,donor,mileage,price,seller,location,stock_id,completeness,url,notes,source,source_file,price_cad,fx_date,status_group,marketplace,source_type,item_type,family_basis,transmission,price_scope,verification,duplicate_assessment,item_url,link_label,discovery_url,source_posted_age
2026-09-25,active asking price (directory),Listed in live Car-Part results; seller not contacted,engine,used; seller evidence only,mi,Recycler-stated; not independently verified,USD,S55,CP-S01,S55,2021,BMW M2 Competition,33000,12500,PNP Automotive,"Ridgewood, NY",OJ2026,Assembly; turbo/accessory inclusion unspecified,http://www.pnpautomotive.com/,Also listed by Capital Auto Salvage same stock/mileage; counted once.,Car-Part live browser search,carpart_market.json,17670.0,2026-09-24,Current asking evidence,,,,,,,,,,,,
2026-09-25,active asking price (directory),Listed in live Car-Part results; seller not contacted,engine,used; seller evidence only,mi,Recycler-stated; not independently verified,USD,S55,CP-S02,S55,2021,BMW M2 Competition,29000,12495,Straight Six Auto Parts,"Oceanside, CA",1347,Assembly; turbo/accessory inclusion unspecified,https://imageappoh.car-part.com/image?seller=8160&partsourceid=8160&partGUID=8160-1-21184&vehicleGUID=8160-1-V1462,,Car-Part live browser search,carpart_market.json,17662.93,2026-09-24,Current asking evidence,,,,,,,,,,,,
2026-09-25,active asking price (directory),Listed in live Car-Part results; seller not contacted,engine,used; seller evidence only,mi,Recycler-stated; not independently verified,USD,S55,CP-S03,S55,2020,BMW M2 Competition,50285,10500,OK Auto Parts #1,"Richland, MS",AE1450,With turbos; accessories unspecified,http://www.okautoparts.net/,"Many reseller duplicates USD10500–13225; lowest observed origin-yard ask retained. AT in description identifies donor, not included gearbox.",Car-Part live browser search,carpart_market.json,14842.8,2026-09-24,Current asking evidence,,,,,,,,,,,,
2026-09-25,active asking price (directory),Listed in live Car-Part results; seller not contacted,engine,used; seller evidence only,mi,Recycler-stated; not independently verified,USD,S55,CP-S04,S55,2015,BMW M4,87498,10495,Premier Auto & Truck Parts,"Cedar Springs, MI",B25376,Complete with turbos and accessories; test-ran,https://imageappoh.car-part.com/image?seller=2339&partsourceid=2339&partGUID=2339-mi23-979384&vehicleGUID=2339-mi23-VB25376,6 month parts warranty seller-stated; resellers up to USD14774.50 same partGUID.,Car-Part live browser search,carpart_market.json,14835.73,2026-09-24,Current asking evidence,,,,,,,,,,,,
2026-09-25,active asking price (directory),Listed in live Car-Part results; seller not contacted,engine,used; seller evidence only,mi,Recycler-stated; not independently verified,USD,S55,CP-S05,S55,2015,BMW M4,76000,8995,Terryville Auto Parts,"Terryville, CT",260170,Includes turbos; accessories unspecified,https://imageappoh.car-part.com/image?seller=2965&partsourceid=2965&partGUID=2965-1-1786604&vehicleGUID=2965-1-V39930,Reseller duplicates removed; lowest observed origin-yard price.,Car-Part live browser search,carpart_market.json,12715.33,2026-09-24,Current asking evidence,,,,,,,,,,,,
2026-09-25,active asking price (directory),Listed in live Car-Part results; seller not contacted,engine,used; seller evidence only,mi,Recycler-stated; not independently verified,USD,S55,CP-S06,S55,2017,BMW M4,78000,9900,Waltz Garage,"New Boston, MI",3296,Tested good with turbo; accessories unspecified,https://imageappoh.car-part.com/image?seller=7960&partsourceid=7960&partGUID=6CA05E41-1D81-4806-AAA1-E09A27E19283&vehicleGUID=BDD04267-CC87-41F3-9057-FE73D7E5E0E8,,Car-Part live browser search,carpart_market.json,13994.64,2026-09-24,Current asking evidence,,,,,,,,,,,,
2026-09-25,active asking price (directory),Listed in live Car-Part results; seller not contacted,engine,used; seller evidence only,mi,Recycler-stated; not independently verified,USD,S55,CP-S07,S55,2015,BMW M4,106000,8000,Waltz Garage,"New Boston, MI",3149,Tested good includes turbos; claimed upgraded crank hub,https://imageappoh.car-part.com/image?seller=7960&partsourceid=7960&partGUID=A556F7B5-8F5F-4C1B-BFCE-19A956212C24&vehicleGUID=3F13B65B-8235-4193-AA4B-9DFC8018A86C,High mileage; crank hub upgrade not independently verified.,Car-Part live browser search,carpart_market.json,11308.8,2026-09-24,Current asking evidence,,,,,,,,,,,,
2026-09-25,active asking price (directory),Listed in live Car-Part results; seller not contacted,engine,used; seller evidence only,mi,Recycler-stated; not independently verified,USD,S55,CP-S08,S55,2018,BMW M4,,9500,J and V Auto Parts,"Brooklyn, NY",DV0738,Tested with turbos; accessories unspecified,https://imageappoh.car-part.com/image?seller=2470&partsourceid=2470&partGUID=2470-1-850581&vehicleGUID=2470-1-V112988,"Manual donor only; engine purchase, gearbox not included or targeted.",Car-Part live browser search,carpart_market.json,13429.2,2026-09-24,Current asking evidence,,,,,,,,,,,,
2026-09-25,active asking price (directory),Listed in live Car-Part results; seller not contacted,engine,used; seller evidence only,km,Recycler-stated; not independently verified,CAD,S55,CP-S09,S55,2016,BMW M4,60000,10000,Centre de Recyclage St-Bruno,"St-Bruno, QC",082574,Assembly; dressing unspecified,https://imageappoh.car-part.com/image?seller=7881&partsourceid=7881&partGUID=7881-6-1452023&vehicleGUID=7881-6-V87118,"Native C$10000, km60000. Description says 3.9 despite M4 S55 interchange: verify exact engine/VIN; not a confirmed dressed match.",Car-Part live browser search,carpart_market.json,10000.0,,Current asking evidence,,,,,,,,,,,,
2026-09-25,active asking price (directory),Listed in live Car-Part results; seller not contacted,engine,untested,km,Recycler-stated; not independently verified,CAD,S55,CP-S10,S55,2016,BMW M4,,6500,Island Auto Salvage,"Brackley, PE",H00524,Untested assembly; see seller notes,https://imageappoh.car-part.com/image?seller=2419&partsourceid=2419&partGUID=2419-1-676153&vehicleGUID=2419-1-V32770,Untested; excluded healthy averages.,Car-Part live browser search,carpart_market.json,6500.0,,Current asking evidence,,,,,,,,,,,,
2026-09-25,active asking price (directory),Listed in live Car-Part results; seller not contacted,core,damaged,mi,Recycler-stated; not independently verified,USD,S55,CP-S11,S55,2015,BMW M4,90285,3500,Phoenix Auto Wrecking #2,"San Bernardino, CA",SF012,"Runs, failed cylinder 6 valve leak test; pan issue; as-is",http://trade7216.car-part.com/,Damaged core; exclude healthy averages.,Car-Part live browser search,carpart_market.json,4947.6,2026-09-24,Current asking evidence,,,,,,,,,,,,
2026-09-25,active asking price (directory),Listed in live Car-Part results; seller not contacted,engine,used; seller evidence only,mi,Recycler-stated; not independently verified,USD,S55,CP-S12,S55,2015,BMW M4,48687,4789.99,Pacific Motors,"Detroit, MI",220807,Rotating assembly; NOT dressed engine,https://imageappoh.car-part.com/image?seller=6682&partsourceid=6682&partGUID=6AF774C4-B236-4149-9BA0-56F4E26E31F1&vehicleGUID=552A0AF3-50F5-4E3F-9AB6-9745570BA427,Free shipping claim destination not established. Exclude dressed averages.,Car-Part live browser search,carpart_market.json,6771.13,2026-09-24,Current asking evidence,,,,,,,,,,,,
2026-09-25,active asking price (directory),Listed in live Car-Part results; seller not contacted,engine,used; seller evidence only,mi,Recycler-stated; not independently verified,USD,S55,CP-S13,S55,2016,BMW M3,38000,8500,Project M Motors,"Paterson, NJ",S55B30,Assembly; turbo/accessories unspecified,http://www.projectmmotors.com/,38k miles in description although mileage column blank.,Car-Part live browser search,carpart_market.json,12015.6,2026-09-24,Current asking evidence,,,,,,,,,,,,
2026-09-25,active asking price (directory),Listed in live Car-Part results; seller not contacted,engine,used; seller evidence only,mi,Recycler-stated; not independently verified,USD,S55,CP-S14,S55,2016,BMW M4,90000,6750,European Auto Recycling,"Rancho Cordova, CA",E21109,Assembly; turbo/accessories unspecified,http://www.europeanautorecycling.com/,Lower-priced lead; need contents and health evidence.,Car-Part live browser search,carpart_market.json,9541.8,2026-09-24,Current asking evidence,,,,,,,,,,,,
2026-09-25,active asking price (directory),Listed in live Car-Part results; seller not contacted,engine,used; seller evidence only,mi,Recycler-stated; not independently verified,USD,S55,CP-S15,S55,2015,BMW M3,94137,8850,Cunningham Brothers Auto Parts,"Rustburg, VA",CAC0570,Turbos sold separately,https://imageappoh.car-part.com/image?seller=1156&partsourceid=1156&partGUID=1156-va02-1005093241&vehicleGUID=1156-va02-VCAC0570,Lowest origin ask; separate from dressed.,Car-Part live browser search,carpart_market.json,12510.36,2026-09-24,Current asking evidence,,,,,,,,,,,,
2026-09-25,active asking price (directory),Listed in live Car-Part results; seller not contacted,core,damaged,mi,Recycler-stated; not independently verified,USD,S55,CP-S16,S55,2015,BMW M4,55735,9500,Alliance Auto Parts,"Woodside, NY",AP3290,With turbos; replace pan,https://imageappoh.car-part.com/image?seller=1732&partsourceid=1732&partGUID=1732-1-1639223&vehicleGUID=1732-1-V199907,Damage disclosed; not healthy baseline. Lowest origin ask of multiple resellers.,Car-Part live browser search,carpart_market.json,13429.2,2026-09-24,Current asking evidence,,,,,,,,,,,,
2026-09-25,active asking price (directory),Listed in live Car-Part results; seller not contacted,engine,used; seller evidence only,mi,Recycler-stated; not independently verified,USD,B58 first generation (donor-based; exact suffix verify),CP-B01,B58,2019,BMW 740i,83546,5000,General Auto Recycling,"Tiverton, RI",00240775,Includes turbo; runs good; running video offered,https://imageappoh.car-part.com/image?seller=1157&partsourceid=1157&partGUID=1157-ri02-1002343092&vehicleGUID=1157-ri02-V00240775,90 day warranty seller-stated; video not independently watched.,Car-Part live browser search,carpart_market.json,7068.0,2026-09-24,Current asking evidence,,,,,,,,,,,,
2026-09-25,active asking price (directory),Listed in live Car-Part results; seller not contacted,engine,used; seller evidence only,mi,Recycler-stated; not independently verified,USD,B58 first generation (donor-based; exact suffix verify),CP-B02,B58,2018,BMW 540i AWD,109228,4700,General Auto Recycling,"Tiverton, RI",00260251,Includes turbo; 90 day warranty,https://imageappoh.car-part.com/image?seller=1157&partsourceid=1157&partGUID=1157-ri02-1002442832&vehicleGUID=1157-ri02-V00260251,Higher mileage; no arbitrary mileage normalization.,Car-Part live browser search,carpart_market.json,6643.92,2026-09-24,Current asking evidence,,,,,,,,,,,,
2026-09-25,active asking price (directory),Listed in live Car-Part results; seller not contacted,engine,used; seller evidence only,mi,Recycler-stated; not independently verified,USD,B58 first generation (donor-based; exact suffix verify),CP-B03,B58,2017,BMW 540i AWD,75000,4000,Magic's Auto Parts Place,"Grand Prairie, TX",2011,"Assembly, contents unspecified; 2 month warranty claimed",https://imageappoh.car-part.com/image?seller=1963&partsourceid=1963&partGUID=CD899372-6D7E-4767-80EA-566EDBB00377&vehicleGUID=9CF6D3F0-A512-4631-B43A-41EB83AF6E27,Needs completeness and health verification.,Car-Part live browser search,carpart_market.json,5654.4,2026-09-24,Current asking evidence,,,,,,,,,,,,
2026-09-25,active asking price (directory),Listed in live Car-Part results; seller not contacted,engine,unknown; unresolved notes,mi,Recycler-stated; not independently verified,USD,B58 first generation (donor-based; exact suffix verify),CP-B04,B58,2018,BMW 540i AWD,40131,3000,Big Mike's Used Auto,"Harrison Township, MI",BESMA,Assembly; listing says NOTES//; contents unknown,http://www.bigmikesautoparts.com/,"Low-price investigation lead, unresolved seller notes. Excluded healthy baseline pending notes.",Car-Part live browser search,carpart_market.json,4240.8,2026-09-24,Current asking evidence,,,,,,,,,,,,
2026-09-25,active asking price (directory),Listed in live Car-Part results; seller not contacted,engine,used; seller evidence only,mi,Recycler-stated; not independently verified,USD,B58 first generation (donor-based; exact suffix verify),CP-B05,B58,2017,BMW 540i AWD,27562,3650,All Star Import & American Auto,"Kennedale, TX",21089P,Long block only,https://imageappoh.car-part.com/image?seller=6051&partsourceid=6051&partGUID=6051-1-127719&vehicleGUID=6051-1-V14754,Not dressed.,Car-Part live browser search,carpart_market.json,5159.64,2026-09-24,Current asking evidence,,,,,,,,,,,,
2026-09-25,active asking price (directory),Listed in live Car-Part results; seller not contacted,engine,used; seller evidence only,mi,Recycler-stated; not independently verified,USD,B58 first generation (donor-based; exact suffix verify),CP-B06,B58,2018,BMW X3 M40i,87925,5660,Cornell's Used Auto Parts,"Greenfield Center, NY",6E0800,With turbo; accessories unspecified,https://imageappoh.car-part.com/image?seller=3970&partsourceid=3970&partGUID=3970-1-1344402&vehicleGUID=3970-1-V126516,Multiple reseller duplicates; lowest origin-yard ask.,Car-Part live browser search,carpart_market.json,8000.98,2026-09-24,Current asking evidence,,,,,,,,,,,,
2026-09-25,active asking price (directory),Listed in live Car-Part results; seller not contacted,engine,used; seller evidence only,mi,Recycler-stated; not independently verified,USD,B58 first generation (donor-based; exact suffix verify),CP-B07,B58,2019,BMW X4 M40i,81500,5400,M and M Auto Parts,"Fredericksburg, VA",RR0265,With turbo; NO311 seller note unresolved,https://imageappoh.car-part.com/image?seller=1993&partsourceid=1993&partGUID=1993-1-3351969&vehicleGUID=1993-1-V168393,,Car-Part live browser search,carpart_market.json,7633.44,2026-09-24,Current asking evidence,,,,,,,,,,,,
2026-09-25,active asking price (directory),Listed in live Car-Part results; seller not contacted,engine,used; seller evidence only,mi,Recycler-stated; not independently verified,USD,B58 first generation (donor-based; exact suffix verify),CP-B08,B58,2019,BMW X3 M40i,101272,5350,M and M Auto Parts,"Fredericksburg, VA",RR1675,With turbo; YouTube video offered,https://imageappoh.car-part.com/image?seller=1993&partsourceid=1993&partGUID=1993-1-3579918&vehicleGUID=1993-1-V170491,Video not independently watched.,Car-Part live browser search,carpart_market.json,7562.76,2026-09-24,Current asking evidence,,,,,,,,,,,,
2026-09-25,active asking price (directory),Listed in live Car-Part results; seller not contacted,engine,used; seller evidence only,km,Recycler-stated; not independently verified,CAD,B58 first generation (donor-based; exact suffix verify),CP-B09,B58,2019,BMW X4 M40i,112575,7500,Centre de Recyclage St-Bruno,"St-Bruno, QC",072526,Engine assembly; accessories unspecified,https://imageappoh.car-part.com/image?seller=7881&partsourceid=7881&partGUID=7881-6-1434256&vehicleGUID=7881-6-V85458,Native CAD/km.,Car-Part live browser search,carpart_market.json,7500.0,,Current asking evidence,,,,,,,,,,,,
2026-09-25,active asking price (directory),Listed in live Car-Part results; seller not contacted,engine,used; seller evidence only,mi,Recycler-stated; not independently verified,USD,B58 first generation (donor-based; exact suffix verify),CP-B10,B58,2018,BMW 540i AWD,59000,5658.5,LKQ Keystone New Mexico,"Albuquerque, NM",$A02042,Engine assembly; turbo/accessories unspecified,http://trade4597.lkqcorp.com/,"Observed on Car-Part, not LKQonline direct.",Car-Part live browser search,carpart_market.json,7998.86,2026-09-24,Current asking evidence,,,,,,,,,,,,
2026-09-25,active asking price (directory),Listed in live Car-Part results; seller not contacted,engine,used; seller evidence only,mi,Recycler-stated; not independently verified,USD,B58 first generation (donor-based; exact suffix verify),CP-B11,B58,2019,BMW 540i AWD,134014,4258.5,LKQ Keystone Leominster,"Leominster, MA",$A54101,Engine assembly; turbo/accessories unspecified,http://trade4561.lkqcorp.com/,"Observed on Car-Part, not LKQonline direct.",Car-Part live browser search,carpart_market.json,6019.82,2026-09-24,Current asking evidence,,,,,,,,,,,,
2026-09-25,active asking price (directory),Listed in live Car-Part results; seller not contacted,engine,used; seller evidence only,mi,Recycler-stated; not independently verified,USD,B58 first generation (donor-based; exact suffix verify),CP-B12,B58,2019,BMW 740i,45000,700,General Auto Parts,"Rockford, IL",A21029,Block only with crank and pistons,https://imageappoh.car-part.com/image?seller=3622&partsourceid=3622&partGUID=3622-il19-1000267557&vehicleGUID=3622-il19-VA21029,"Cheap short assembly, not a complete engine.",Car-Part live browser search,carpart_market.json,989.52,2026-09-24,Current asking evidence,,,,,,,,,,,,
2026-09-25,quote required,Listed in live Car-Part results; seller not contacted,engine,used; seller evidence only,km,Recycler-stated; not independently verified,CAD,B58 first generation (donor-based; exact suffix verify),CP-B13,B58,2018,BMW 640i GT,100000,,Recyclage Laval,"Laval, QC",AL1266,Complete with turbo; quote required,https://imageappoh.car-part.com/image?seller=8996&partsourceid=8996&partGUID=8996-1-279158&vehicleGUID=8996-1-V17766,Useful overlooked liftback donor; native km.,Car-Part live browser search,carpart_market.json,,,Quote only / unavailable price,,,,,,,,,,,,
2026-09-25,asking,Listed on OfferUp at observation; seller page described it as recently posted,engine,"Used; seller says engine block is in good working condition, but some accessories are damaged",mi,Seller-stated donor odometer in listing text,USD,S55 / S55B30 (seller stated),s55-offerup-norspec-2020-m2c-30800mi,S55,2020,"2020 BMW M2 Competition F87, VIN WBS2U7C02L7E98324",30800,6500,Norspec Dismantling Inc,"Burien, Washington, United States",,Complete engine assembly exactly as pictured; wiring and attached pictured accessories/components included; not a transmission; seller notes damaged MAF and turbo actuator plus cracked oil pan,https://offerup.com/item/detail/b3b5cfe3-32dd-30ff-942e-4987c67eb7c8,"Seller states a 90-day warranty. Closest exact donor/year match found for the 2020 M2 Competition benchmark, but listed damage prevents treating this as a healthy dressed-engine price. Evidence: OfferUp listing text says 2020 M2 Competition, 30,800 miles, $6,500, pictured wiring/accessories, and identifies the defects.",,m_market.json,9188.4,2026-09-24,Current asking evidence,,,,,,,,,,,,
2026-09-25,asking; current status unconfirmed,"Unconfirmed; search result still surfaced the listing, but direct page fetch returned HTTP 403 and the listing was last crawled five months earlier",package,Used; seller says tested and started multiple times,mi,Seller-stated listing text,USD,S55 M2 Competition; transmission type/code not stated,s55-racingjunk-m2c-complete-drivetrain-56200mi,S55,,BMW M2 Competition; exact model year not stated,56200,14950,"AdamFLLMotors, private seller","Oakland Park, Florida, United States",,"Seller describes complete engine and transmission with upgraded cooling, intakes, catless downpipes, DME, FEM, key and wiring harness; stock radiator, condenser, transmission cooler and fan also included; stock turbos",https://www.racingjunk.com/other/184626728/bmw-s55-complete-drivetrain-m2-m3-m4-competition-gt4.html?category_id=94&np_offset=10,"Seller's listing states 56.2k miles and a same-VIN complete drivetrain package. This is the broadest S55 package found, but DCT identity, exact model year, present availability and test video were not independently verified.",,m_market.json,21133.32,2026-09-24,Unverified lead,,,,,,,,,,,,
2026-09-25,asking; core charge extra,Product page offers Add to Cart; live quantity not stated,engine,Remanufactured / rebuilt; seller's stated stock rebuild,,,USD,S55 stock-spec remanufactured engine,s55-projectm-reman-stock-rebuild,S55,,,,8000,Project M Motors LLC,"Paterson, New Jersey, United States",0007,"Rebuild includes inspection, replacement of listed internal wear parts and valve work; external accessories unspecified; core return required, core charge additional and amount not displayed",https://www.projectmmotors.com/product-page/bmw-s55-engine,"Seller lists a 12-month/12,000-mile internal-parts warranty, but its warranty page excludes racing/off-road use and requires an acceptable complete core. Price excludes that unspecified core charge. Seller description lists inspection, bearings, rings, chain/guide/tensioner, gaskets, valve job and remanufactured crank.",,m_market.json,11308.8,2026-09-24,Current asking evidence,,,,,,,,,,,,
2026-09-25,asking,Listed with Buy It Now at observation,engine,Used,mi,Seller-stated odometer in title and item specifics,USD,S55 complete assembly,s55-ebay-qualityauto-2016-m4-107kmi,S55,2016,2016 BMW M4 Coupe; seller states donor VIN WBS3R9C51GK336455,107000,6750,Quality Auto,"Sacramento, California, United States",,Listed as complete assembly; exact accessories included not enumerated,https://www.ebay.com/itm/168154915678,"eBay page states $6,750, used complete assembly, 107k miles, 2016 M4 donor, and $450 freight.",,m_market.json,9541.8,2026-09-24,Current asking evidence,,,,,,,,,,,,
2026-09-25,asking,Listed with Buy It Now at observation,engine,Used; seller labels it tested,mi,Mileage stated in listing title,USD,S55 long block,s55-ebay-sportdesign-92k-longblock,S55,2015-2020 (listing fitment/title range),F87/F80/F82 S55 donor; exact donor model not stated,92000,8199.99,Sport Design Auto,"Jackson, Mississippi, United States",,Long block; turbos and accessories not confirmed as included,https://www.ebay.com/itm/168144166698,"eBay search result and item page identify a 92k-mile S55 long block titled tested at $8,199.99; seller does not accept returns. The listing does not establish a dressed engine package.",,m_market.json,11591.51,2026-09-24,Current asking evidence,,,,,,,,,,,,
2026-09-25,asking,Listed with Buy It Now at observation,core,"Bad crankshaft and bad piston in cylinder 5, per listing title",mi,Seller-stated in listing title,USD,S55 complete motor assembly; damaged core,s55-ebay-paulakram-43k-damaged-cylinder5,S55,2015-2020 (listing title range),F8x M2/M3/M4; exact donor model/year not stated,43000,4500,paul_akram1,"Snellville, Georgia, United States",,Seller calls it a complete motor assembly; exact attached parts not enumerated,https://www.ebay.com/itm/354455120784,"eBay page explicitly states bad crankshaft and bad piston (cylinder 5), $4,500, 43k miles, plus $250 freight. This is damaged-core pricing, not a running-engine comparator.",,m_market.json,6361.2,2026-09-24,Current asking evidence,,,,,,,,,,,,
2026-09-25,asking,Listed at observation; listing said newly listed within three days,engine,Used; seller note says hole in valve cover,mi,eBay item specifics,USD,S55 long block,s55-ebay-partslink-68228mi-longblock,S55,,BMW M3/M4 F80/F82; donor model/year not confirmed,68228,8075,Parts Link,"Lincoln, Nebraska, United States",,"Long block; visible assembly, included accessories not enumerated",https://www.ebay.com/itm/237079846839,"eBay page states $8,075, 68,228 miles and a hole in the valve cover. A near-identical Parts Link listing at https://www.ebay.com/itm/307017618104 showed 68,228 miles at $9,500; likely duplicate/relist or overlapping inventory, excluded from record count.",,m_market.json,11414.82,2026-09-24,Current asking evidence,,,,,,,,,,,,
2026-09-25,ended asking,"Ended May 9, 2026 because item was no longer available",engine,Used,mi,Mileage stated in listing title,USD,S55 long block,s55-ebay-redman-54k-ended,S55,2018-2021 (listing title range),F87/F80/F82 M2 Competition/M3/M4 fitment; exact donor not stated,54000,9499.99,Redman Auto LLC,"Springfield, Missouri, United States",,Long block; additional contents not enumerated,https://www.ebay.com/itm/356787757879,"Historical asking-price evidence only. The ended page showed $9,499.99, 54k miles and $400 freight.",,m_market.json,13429.19,2026-09-24,Historical / ended,,,,,,,,,,,,
2026-09-25,ended asking,"Ended September 1, 2026 because item was no longer available",core,Used; item no longer available when page was captured,mi,Seller-stated listing condition and item specifics,USD,S55 complete short block with rotating assembly,s55-ebay-euro1link-28k-shortblock-ended,S55,2018,"2018 BMW M3 F80, per seller",28000,3500,euro1link,"Eastanollee, Georgia, United States",,"Block with crankshaft, pistons and rods; not a complete engine",https://www.ebay.com/itm/137496515730,"Seller described a complete rotating assembly from a 2018 M3, with crankshaft, pistons and rods; $330 freight was listed. Historical core value only.",,m_market.json,4947.6,2026-09-24,Historical / ended,,,,,,,,,,,,
2026-09-25,asking,Listed with Buy It Now at observation,transmission,"Used; seller says operational, with small chips in bellhousing and shift-lever bracket thread",mi,Seller-stated odometer and item specifics,USD,GS7D36SG 7-speed DCT,s55-ebay-partspros-gs7d36sg-63130mi,S55,2015,"2015 BMW M3, per seller",63130,1699.99,The Parts Pros,"Rancho Cordova, California, United States",GS7D36SG / 7853532,Transmission assembly; no control unit or other drivetrain pieces specified,https://www.ebay.com/itm/287162565714,"eBay page shows $1,699.99, 63,130 miles, one-month warranty and the stated cosmetic chips; $300 freight.",,m_market.json,2403.11,2026-09-24,Current asking evidence,,,,,,,,,,,,
2026-09-25,asking,Listed with Buy It Now at observation,core,For parts or not working,,,USD,S55 long block; note/damage status,s55-ebay-nadiautoparts-longblock-parts-only,S55,2015-2020 (listing title range),F80/F82/F83 M3/M4; exact donor not stated,,1260,Nadi Auto Parts,"Rancho Cordova, California, United States",,Long block listing; defects and included parts not visible in accessible item text,https://www.ebay.com/itm/197652022586,"eBay explicitly classifies this as for parts or not working and the seller does not accept returns. Page price $1,260 plus $300 freight. Do not compare with a running long block.",,m_market.json,1781.14,2026-09-24,Current asking evidence,,,,,,,,,,,,
2026-09-25,unverified search-result lead,Unknown; result was crawled five months earlier and direct Kijiji open returned HTTP 429,engine,,km,Kijiji search-result text only,CAD,S55; detailed variant not confirmed,s55-kijiji-markham-80k-lead,S55,,"LCI BMW F82 M4, according to search-result text; seller also claims M3/M4/M2C fitment",80000,5999,,"Markham, Ontario, Canada",,,https://www.kijiji.ca/b-ontario/s55-bmw/k0l9004,"Search results show BMW M4 M3 M2c S55 Motor at $5,999 and text saying 80k km, one-owner vehicle, removed from LCI F82 M4. The detail page was not reached; not counted as confirmed current inventory or a confirmed asking price.",,m_market.json,5999.0,,Unverified lead,,,,,,,,,,,,
2026-09-25,asking,Listed at observation,engine,Used; seller says it ran perfectly before removal,mi,eBay item specifics; seller says 8k miles,USD,S58 complete engine assembly; seller/listing title,s58-ebay-cyber-2024-m3-8102mi,S58,2024,"2024 BMW M3, per seller",8102,12622.5,Cyber Auto Parts Official,"Douglasville, Georgia, United States",,Seller calls it a complete engine assembly; exact ancillaries not enumerated,https://www.ebay.com/itm/406488520828,"eBay page gives $12,622.50, 8,102 miles and $350 freight. Donor described as 2024 M3; transmission not included in the described engine assembly.",,m_market.json,17843.17,2026-09-24,Current asking evidence,,,,,,,,,,,,
2026-09-25,asking,Listed at observation,engine,Used,mi,Seller-stated listing title,USD,"S58 G80 M3 Competition, exact engine suffix not stated",s58-ebay-partsboxrevival-g80-35kmi,S58,2021-2024 (listing title range),BMW M3 Competition G80; exact donor year not stated,35000,14001,Partsbox Revival,,,Engine motor; title does not enumerate accessories or controls,https://www.ebay.com/itm/318343831783,"eBay page states $14,001 and 35k miles; seller instructs buyers to follow its vehicle compatibility rather than eBay's compatibility chart. Exact included parts and location were not exposed in the accessible page excerpt.",,m_market.json,19791.81,2026-09-24,Current asking evidence,,,,,,,,,,,,
2026-09-25,asking,Listed with Buy It Now at observation,engine,Used,mi,Seller-stated listing title,USD,"S58B30A, Competition xDrive application per eBay compatibility",s58-ebay-1ofdebest-2023-m3-xdrive-29kmi,S58,2023,"2023 BMW M3 Competition xDrive Sedan, eBay compatibility table",29000,14999.99,1ofdebest,"Inman, South Carolina, United States",11005A7FC64 (listing part number),Engine motor; exact included ancillaries not enumerated,https://www.ebay.com/itm/117096837379,"eBay page shows $14,999.99, $500 freight, 2023 M3 Competition xDrive compatibility and an S58B30A part number. xDrive donor application is explicit; no claim of swap equivalence is made.",,m_market.json,21203.99,2026-09-24,Current asking evidence,,,,,,,,,,,,
2026-09-25,asking; listing detail incomplete,eBay page showed Buy It Now when last crawled; current availability not independently confirmed,engine,Used; seller describes mint condition,km,Seller-stated condition note,USD,S58; seller claims G80/G82/G87 fitment,s58-ebay-gilbert-5k-km-private,S58,,,5000,10500,"gilbert-27221, private seller",,,Seller calls it a complete engine; exact included ancillaries not enumerated,https://www.ebay.com/itm/277477410580,"eBay page showed $10,500 and seller note '5000KM only'; exact donor year, location, package contents and running evidence are not established. Treat seller claims cautiously.",,m_market.json,14842.8,2026-09-24,Unverified lead,,,,,,,,,,,,
2026-09-25,asking,Listed with Buy It Now at observation,engine,Used; seller says clean,mi,Seller-stated condition note,USD,S58T 3.0L; long block / complete engine wording in title,s58-ebay-straightsix-23-25-6k-longblock,S58,2023-2025 (listing title range),G80/G82/G87 M2/M3/M4 application in listing title; exact donor not stated,6000,17499.95,Straight Six Auto Parts,,,Listing title says long block and complete engine motor; turbos/accessories not confirmed in accessible excerpt,https://www.ebay.com/itm/227344295249,"eBay page showed $17,499.95, 6k miles and required commercial-address delivery. Exact donor and complete dressing remain unverified.",,m_market.json,24737.93,2026-09-24,Current asking evidence,,,,,,,,,,,,
2026-09-25,asking,Listed at observation,engine,"Used; page condition grade used; photos show assembly, but mechanical state not independently established",mi,eBay item specifics,USD,"S58B30O0, RWD application per seller/item specifics",s58-ebay-waltz-rwd-28586mi,S58,,G80/G82/G87 RWD application; donor VIN shown but donor year/model not independently assigned,28586,13500,Waltz Garage,"New Boston, Michigan, United States",,Complete engine assembly per title; accessory scope not enumerated,https://www.ebay.com/itm/267373034438,"eBay page states $13,500, 28,586 miles, engine code S58B30O0, RWD listing title, donor VIN WBS33AY07MFK56940 and $350 freight. The compatibility table spans multiple G8x/G87 models; no cross-model equivalence inferred.",,m_market.json,19083.6,2026-09-24,Current asking evidence,,,,,,,,,,,,
2026-09-25,asking,Listed at observation,engine,Used,,,USD,"S58 engine dropout, part number 11005A16BE3",s58-ebay-pacificmotors-dropout-11005a16be3,S58,2022-2024 (listing title range),BMW M2/M3/M4 G87/G80/G82 application in listing title; exact donor not stated,,13889.9,Pacific Motors OEM Auto Parts,"Hamtramck, Michigan, United States",11005A16BE3,Seller calls it an engine dropout; exact scope of accessories/controls not enumerated,https://www.ebay.com/itm/306598318706,"eBay direct item page showed $13,889.90 and free freight; mileage was not exposed in the accessible item-specific excerpt.",,m_market.json,19634.76,2026-09-24,Current asking evidence,,,,,,,,,,,,
2026-09-25,ended asking,"Ended July 24, 2026 because seller said there was an error in the listing",engine,Used,mi,eBay item specifics,USD,"S58 complete assembly, 3.0 MT RWD with turbos per item specifics",s58-ebay-okauto-2025-m4-8k-ended-error,S58,2025,"2025 BMW M4 G82/G83, per seller item specifics",8000,14450,okautopartsms,"Richland, Mississippi, United States",AE1021,Complete assembly with turbos; eBay item specifics state MT/RWD; additional accessories not enumerated,https://www.ebay.com/itm/157855041764,"Historical asking price $14,450; seller inventory ID 1838595 and donor VIN WBS13HK06SCU56747 were displayed. Not current availability evidence.",,m_market.json,20426.52,2026-09-24,Historical / ended,,,,,,,,,,,,
2026-09-25,ended asking,"Ended July 24, 2026 because seller said there was an error in the listing",engine,Used,mi,eBay item specifics,USD,"S58 complete assembly, 3.0 automatic RWD with turbos per item specifics",s58-ebay-okauto-2023-m3-42k-ended-error,S58,2023,"2023 BMW M3 G80, per seller item specifics",42000,15500,okautopartsms,"Richland, Mississippi, United States",AE1143,Complete assembly with turbos; controls/accessories not enumerated,https://www.ebay.com/itm/168247142998,"Historical asking price $15,500; seller inventory ID 1863654 and donor VIN WBS33AY08PFR25155 were displayed. Not current availability evidence.",,m_market.json,21910.8,2026-09-24,Historical / ended,,,,,,,,,,,,
2026-09-25,asking,Listed with Buy It Now; page says newly listed within the last three days,transmission,Used,mi,Seller-stated listing title and item specifics,USD,G80 M3 Competition RWD automatic; transmission code not stated,s58-ebay-partsbox-2022-m3comp-rwd-auto-28kmi,S58,2022,"2022 BMW M3 Competition RWD, compatibility table; donor VIN WBS33AY04NFN05194",28000,4999.01,Parts Box,"Venice, Florida, United States",9504846,Automatic transmission assembly; no transfer case or other drivetrain contents in title,https://www.ebay.com/itm/147590141945,"eBay page gives $4,999.01, 28k miles and $300 freight for a RWD G80 Competition automatic transmission. No exact gearbox code asserted.",,m_market.json,7066.6,2026-09-24,Current asking evidence,,,,,,,,,,,,
2026-09-25,seller-stated line item; page has conflicting package ask,Archived page; current availability unknown,engine,Used; crashed donor described; engine condition not specified,mi,Part-out page states vehicle has 12k miles,USD,2022 G80 M3 Competition RWD automatic donor; engine type per vehicle context,s58-m3list-2022-g80-engine-partout,S58,2022,"2022 BMW M3 Competition RWD, 12k miles",12000,15000,GoFastTunerParts / Tyler,"Ohio, United States",,Page line item calls it complete engine; contents not enumerated,https://m3list.com/archived_vehicles/2022-bmw-g80-m3-part-out-crashed-12k-miles-complete-engine-transmission-and-more-for-sale/,"Page separately lists complete engine at $15,000 and RWD transmission at $4,500, but also says '$13k for everything'; scope/price contradiction makes this an unresolved historical lead, not a clean package benchmark.",,m_market.json,21204.0,2026-09-24,Historical / ended,,,,,,,,,,,,
2026-09-25,seller-stated line item; page has conflicting package ask,Archived page; current availability unknown,transmission,Used; crashed donor described; transmission condition not specified,mi,Part-out page states vehicle has 12k miles,USD,2022 G80 M3 Competition RWD automatic; code not stated,s58-m3list-2022-g80-rwd-transmission-partout,S58,2022,"2022 BMW M3 Competition RWD, 12k miles",12000,4500,GoFastTunerParts / Tyler,"Ohio, United States",,RWD transmission listed separately; exact assembly scope not enumerated,https://m3list.com/archived_vehicles/2022-bmw-g80-m3-part-out-crashed-12k-miles-complete-engine-transmission-and-more-for-sale/,"Page separately lists RWD transmission at $4,500 and complete engine at $15,000, but says '$13k for everything'; price/scope contradiction unresolved. Do not add the line items to construct an unadvertised package price.",,m_market.json,6361.2,2026-09-24,Historical / ended,,,,,,,,,,,,
2026-09-25,asking,Listed at observation; page says returns accepted,engine,Used; listing is active and accepts returns; mechanical condition not independently tested,mi,Mileage stated in eBay listing title,USD,S58T X3 M Competition 3.0L; suffix not shown in item specifics,s58-ebay-partsbox-x3mcomp-51kmi,S58,2021,"2021 BMW X3 M Competition Sport Utility, eBay compatibility entry; donor VIN 5YMTS0C07M9F93144",51000,11000,Parts Box OEM,"Englewood, Florida, United States",F93144,"Engine motor assembly per listing title; exact turbos, accessories, controls and transmission inclusion are not enumerated",https://www.ebay.com/itm/157963600029,"Direct eBay item page showed $11,000, $350 flat-rate freight, 51k miles and a 2021 X3 M Competition compatibility entry with donor VIN. This supplies an active US X3 M S58 SUV ask. The listing does not verify all attached components or running condition.",,m_market.json,15549.6,2026-09-24,Current asking evidence,,,,,,,,,,,,
2026-09-25,asking,"eBay showed local pickup only over 60 mi from postal code 23917; no shipping option or seller location is disclosed, so North American delivery/access is unverified",engine,Used,mi,Seller title says 4K miles; odometer not independently verified,USD,B58B30M2 (seller-stated in title),b58-ebay-540-740-840-m340-b58b30m2-4kmi,B58,2024-2025 listing fitment,Listing fitment: 2024-2025 540i/740i/840i/M340i RWD; actual donor/year not stated,4000,7379.18,Used Auto Parts You Need,,,Title calls it a complete engine; exact accessories not itemized; no transmission included in title,https://www.ebay.com/itm/117425730495,"Current displayed item price, before tax. Seller's title spans several model lines and states RWD; it does not identify the specific donor VIN/year. Keep the B58B30M2 label seller-stated and do not pool with other B58 variants without verification. eBay shows 14-day buyer-paid returns. Seller profile describes a US parts business, but this item's only location clue is a pickup radius from ZIP 23917; no exact source location or shipping offer is displayed. Do not treat as a confirmed NA-deliverable opportunity.",,b_market.json,10431.21,2026-09-24,Unverified lead,,,,,,,,,,,,
2026-09-25,asking / Best Offer,eBay page showed Best Offer at observation,engine,Used; eBay condition text says fully operational,mi,Seller title says 31k; not independently verified,USD,B58 generation 2 (seller title wording; exact code not stated),b58-ebay-540-g30-awd-gen2-31kmi,B58,2021-2023 listing fitment,Listing fitment: 2021-2023 540 G30 AWD; actual donor year not stated,31000,7200,torens_usa,"Miami, Florida, United States",,Engine assembly; exact external accessories not itemized,https://www.ebay.com/itm/336244167792,"Seller title explicitly says AWD, 'B58 GEN 2' and 31k; no engine code is given in the visible title. Keep seller-generation wording separate from code-confirmed variants.",,b_market.json,10177.92,2026-09-24,Current asking evidence,,,,,,,,,,,,
2026-09-25,asking,eBay page showed listing at observation,engine,Used; seller's note identifies source vehicle,,,USD,B58 3.0L (seller title; exact engine code not stated),b58-ebay-540-xdrive-2017-complete,B58,2017 donor stated by seller,Seller says all parts were removed from a 2017 BMW 540i xDrive,,5999,QUALITY AUTO,"Sacramento, California, United States",,Listed as complete engine; $450 freight shown separately; attached components not itemized,https://www.ebay.com/itm/157630954074,Title broadly lists 2017-2020 540i/X3/X4/340i/440i/740i AWD applications; seller condition note identifies the actual source as a 2017 540i xDrive. Price excludes the displayed $450 freight charge.,,b_market.json,8480.19,2026-09-24,Current asking evidence,,,,,,,,,,,,
2026-09-25,asking,Product page displayed Add to Cart at observation; quantity not stated,engine,Used,mi,"Seller product page states odometer 9,441 miles",USD,B58B30M1 (seller-stated; page calls it 335 hp variant),b58-goparts-540i-b58b30m1-9441mi,B58,2020-2023 listing fitment,2020-2023 BMW 540i fitment; actual donor/year not stated,9441,8100,Go-Parts,,PB-6494-0000017158-211065,Seller lists used complete assembly; says oil pan or mount arms may need to be transferred for fitment; no transmission included,https://www.go-parts.com/hl-product.php?make=BMW&model=540i&sku=PB-6494-0000017158-211065,"Seller states B58B30M1, 335 hp, 9,441 mi, 90-day warranty and RWD/AWD fitment subject to transferring external components. The same page specifically says this variant is not the higher-output M40i/M340i variant. This is a useful newer non-M-market listing, not an engineering compatibility conclusion.",,b_market.json,11450.16,2026-09-24,Current asking evidence,,,,,,,,,,,,
2026-09-25,asking; seller also displayed optional coupon price,eBay page showed listing at observation,engine,Used,mi,Seller title and item specifics state 57k miles,USD,B58B (seller title; no suffix given),b58-ebay-740i-b58b-2016-19-57kmi,B58,2016-2019 listing fitment,2016-2019 740i RWD listing fitment; actual donor year not stated,57000,7195.75,CARisma M&P,"Jacksonville, Florida, United States",11002455303,Engine listed; exact attached accessories not itemized,https://www.ebay.com/itm/287392362055,"The listed price is $7,195.75; a separate optional coupon price appeared on the page and is not substituted here. Title names 740i RWD and 320 hp, but exact donor VIN/year is not supplied.",,b_market.json,10171.91,2026-09-24,Current asking evidence,,,,,,,,,,,,
2026-09-25,ended asking,"Ended July 28, 2026; seller marked listing error",engine,Used,mi,Seller title/item specifics state 92k miles,USD,B58B30A (seller title),b58-ebay-x3m40i-b58b30a-92kmi-ended,B58,2019,"2019 BMW X3 M40i AWD, seller-stated",92000,6000,okautopartsms,"Richland, Mississippi, United States",,Seller lists engine with turbo; other external accessories not itemized,https://www.ebay.com/itm/168320777916,"Historical displayed ask only; not a completed-sale price and not current availability. Listing title states 2019 X3 M40i AWD, B58B30A, 92k miles.",,b_market.json,8481.6,2026-09-24,Historical / ended,,,,,,,,,,,,
2026-09-25,asking / Best Offer,eBay page showed Best Offer at observation,engine,Used,mi,Seller title says 60K; exact odometer not independently verified,USD,B58B30C (seller title/item specifics),b58-ebay-x5-g05-b58b30c-rwd-60kmi,B58,2021 donor per item specifics; title fitment 2019-2021,"Seller item specifics identify a 2021 X5 sDrive40i, VIN 5UXCR4C02M9G43393",60000,7994.99,PartsBoxBelton,"Belton, South Carolina, United States",,Listed as engine motor assembly; title and specifics do not fully enumerate accessories,https://www.ebay.com/itm/377137263707,"Seller title states B58B30C, RWD and 60k miles; item specifics identify an X5 sDrive40i with donor VIN. Displayed freight was $325 extra. This is distinct from the X5 transmission listing below.",,b_market.json,11301.72,2026-09-24,Current asking evidence,,,,,,,,,,,,
2026-09-25,asking,eBay page showed listing at observation,core,Used; seller says average wear and guaranteed good condition; oil pan must be replaced,mi,Seller title and eBay item specifics; not independently verified,USD,Title says B58D; manufacturer part number lists B58B30B,b58-ebay-b58d-vs-b58b30b-16mi-oilpan,B58 unresolved code claim,Seller title says 2026; actual donor/year not established,Seller title mentions BMW 340/Z4 M40i; actual donor not established,16,9549.95,BMWGravedigger's German Parts,,,Engine with turbo per title; oil pan requires replacement; exact external components not itemized,https://www.ebay.com/itm/116983795346,Preserved as an unresolved market record only: the title calls it B58D while manufacturer part number 11005A42E04 is associated in item specifics with B58B30B. Do not reconcile the label or infer 2026 NA donor from title wording. Seller says oil pan needs replacement.,,b_market.json,13499.81,2026-09-24,Current asking evidence,,,,,,,,,,,,
2026-09-25,asking,eBay page showed listing at observation,engine,Used; seller says tested fully operational,mi,"Title/item specifics show 79,432 mi; seller text rounds to 79k",USD,B58 2-port / A/T wording in seller title; exact engine code not stated,b58-ebay-supra-a90-2port-at-79432mi,B58,2019-2026 listing fitment; actual donor year unknown,Toyota GR Supra A90; exact donor model year/VIN not stated,79432,9000,Boosted Auto Collection,"North Royalton, Ohio, United States",RU102,Listed as complete engine assembly; seller's item specifics say complete assembly; no transmission listed as included,https://www.ebay.com/itm/237014194411,Supra listing kept as a comparison because BMW B58 is used in the A90. Title includes 'A/T' but the item specifics describe an engine; do not count this as an engine/transmission package. Freight/other charges may apply.,,b_market.json,12722.4,2026-09-24,Current asking evidence,,,,,,,,,,,,
2026-09-25,asking / Best Offer,eBay page showed Best Offer at observation,core,Used; seller says parts are needed,,,USD,B58 3.0L (seller title; exact code not stated),b58-ebay-supra-canada-needs-parts,B58,2021-2024 listing fitment,Toyota GR Supra A90/A91/J29 listing fitment; actual donor not stated,,7745.5,BlackGoldAutoParts,Canada; city not stated,,"Seller specifically says valve cover, oil pan and oil-pan sensor are needed",https://www.ebay.com/itm/236330748852,"eBay displays the ask in USD. The seller's condition note explicitly lists missing/needed components, so this is not priced as a dressed complete assembly. Canadian seller location was shown on eBay seller/category information; exact city unconfirmed.",,b_market.json,10949.04,2026-09-24,Current asking evidence,,,,,,,,,,,,
2026-09-25,asking,eBay page showed listing at observation,package,Used,mi,Seller title/item specifics state 59k; not independently verified,USD,B58 3.0L turbo RWD; exact code not stated,b58-ebay-m340i-package-2020-59kmi,B58,2020,"2020 BMW M340i G20, seller title; 59k miles",59000,9499,MIAMI FINE AUTO,"Fort Myers, Florida, United States",,Seller title advertises complete engine and automatic transmission swap package; individual included controls/accessories not enumerated,https://www.ebay.com/itm/227481463232,"Treat as one seller-priced package, not an engine price plus an assumed transmission value. The package title states RWD, engine and automatic transmission. Seller does not accept returns.",,b_market.json,13427.79,2026-09-24,Current asking evidence,,,,,,,,,,,,
2026-09-25,asking / Best Offer,eBay page showed Best Offer at observation,engine,Used,mi,Seller title states 64K miles,USD,B58 3.0L (seller title; exact code not stated),b58-ebay-m340i-engine-only-2020-64kmi,B58,2020,2020 BMW M340i; seller title says RWD,64000,9259.95,Arizona Auto And Truck Parts,,,Engine only; seller explicitly says turbo is not included,https://www.ebay.com/itm/188352631999,Free shipping to a business address and six-month warranty are stated in title; turbo explicitly excluded. This is a different listing from the M340i engine-plus-transmission package.,,b_market.json,13089.87,2026-09-24,Current asking evidence,,,,,,,,,,,,
2026-09-25,asking; $275 shipping shown separately,eBay page showed listing at observation,transmission,Used,mi,Seller title and pictured source tag say 2k miles,USD,Automatic transmission; exact gearbox code not stated,b58-ebay-x5-g05-xdrive40i-trans-2kmi,B58,2019-2020 listing fitment,2019-2020 BMW X5 G05 xDrive40i listing fitment; 2020 source vehicle indicated by tag,2000,1260,Spartan Auto And Heavy Truck Parts,"Inman, South Carolina, United States",,Automatic transmission assembly; no transfer case/other drivetrain parts stated,https://www.ebay.com/itm/128046033388,Listing title names an automatic transmission for the B58 xDrive40i. No gearbox code is asserted because none was confirmed on the page.,,b_market.json,1781.14,2026-09-24,Current asking evidence,,,,,,,,,,,,
2026-09-25,asking / Best Offer,eBay page showed Buy It Now at observation,transmission,Used; seller describes it as excellent condition,mi,Seller title/condition text states 90k,USD,"GA8HP50Z, RWD (seller-stated)",b58-ebay-540-g30-rwd-ga8hp50z-trans-90kmi,B58,2017-2023 listing fitment,2017-2023 BMW 540 G30 listing fitment; actual donor year not stated,90000,1045,capstoneautoparts,"San Marcos, California, United States",,Automatic transmission assembly; no additional drivetrain pieces stated,https://www.ebay.com/itm/206272428894,Seller title and note agree on RWD and GA8HP50Z. Seller says 90k; no independent donor VIN was supplied.,,b_market.json,1477.21,2026-09-24,Current asking evidence,,,,,,,,,,,,
2026-09-25,asking / Best Offer,eBay page showed Buy It Now at observation,transmission,Used,mi,"Seller title/item specifics state 59,458 miles",USD,"8HP50Z automatic, AWD fitment (seller-stated)",b58-ebay-f30-f32-awd-8hp50z-59kmi,B58,2018-2019 listing fitment,2018-2019 F30/F32 340i/440i/M240i AWD listing fitment; item specifics identify 2019 440i xDrive,59458,1499.95,oeM Garage FL,"Hollywood, Florida, United States",203,Automatic transmission assembly; no transfer case/other parts itemized,https://www.ebay.com/itm/407077811876,Seller-stated 8HP50Z and code B58B30M0; item specifics identify a 2019 440i xDrive donor. Keep this AWD application distinct from RWD GA8HP50Z records.,,b_market.json,2120.33,2026-09-24,Current asking evidence,,,,,,,,,,,,
2026-09-25,asking / Best Offer; freight extra,eBay page showed Buy It Now at observation,transmission,Used; seller says rear connector is slightly bent,,,USD,Automatic RWD transmission; code not stated,b58-ebay-g20-m340-g29-z4-rwd-trans-connector,B58,2020-2022 listing fitment,2020-2022 G20 M340i / G29 Z4 M40i listing fitment; actual source not stated,,2095.95,oeM Garage FL,"Hollywood, Florida, United States",,RWD automatic gearbox; connector damage disclosed; no additional parts stated,https://www.ebay.com/itm/405194861185,Title advertises RWD B58 automatic for M340i/Z4 M40i but gives no exact gearbox code. Seller explicitly notes a slightly bent rear connector and requires commercial freight handling.,,b_market.json,2962.83,2026-09-24,Current asking evidence,,,,,,,,,,,,
2026-09-25,asking,eBay page showed listing at observation,engine,Used,mi,Seller title states 73K miles,USD,N55 3.0L RWD with turbo (seller-stated),n55-ebay-f30-335i-rwd-turbo-73kmi,N55,2012-2016 listing fitment,F30 BMW 335i listing fitment; actual donor/year not stated,73000,5130,City Motors Chicago,"River Grove, Illinois, United States",,Engine assembly with turbo per title; other attached accessories not itemized,https://www.ebay.com/itm/188641082513,"Seller title identifies N55, F30 335i and turbo. The advertised 2012-2016 fitment is not treated as proof of the actual source model year.",,b_market.json,7251.77,2026-09-24,Current asking evidence,,,,,,,,,,,,
2026-09-25,asking / Best Offer,eBay page showed Buy It Now at observation,engine,Used; seller says tested good with good compression,mi,Seller title states 90k miles,USD,N55 engine motor assembly,n55-ebay-335i-535i-2011-15-90kmi,N55,2011-2015 listing fitment,2011-2015 BMW 335i/535i listing fitment; actual donor not stated,90000,2999.94,TheseImports,"Woodruff, South Carolina, United States",,Engine assembly; exact dress/accessories not itemized,https://www.ebay.com/itm/198300393255,"Seller-stated N55 and 90k; test/compression is seller claim, not independent test evidence.",,b_market.json,4240.72,2026-09-24,Current asking evidence,,,,,,,,,,,,
2026-09-25,asking / Best Offer; freight extra,eBay page showed Buy It Now at observation,engine,Used; seller labels it tested,,,USD,N55 3.0L AWD fitment (seller-stated),n55-ebay-awd-335i-x1-x5-x6-535i-tested,N55,2012-2015 listing fitment,Listing fitment includes 2012-2015 BMW 335i/X1/X5/X6/535i AWD; actual donor not stated,,3248.95,GERMAN AUTO RESORT,"Stockton, New Jersey, United States",,Engine assembly; accessories not itemized; seller requires commercial freight address,https://www.ebay.com/itm/327104443762,Broad multi-model fitment is seller-listed; no donor VIN/mileage surfaced. Do not treat every listed chassis as an interchangeable engine configuration.,,b_market.json,4592.72,2026-09-24,Current asking evidence,,,,,,,,,,,,
2026-09-25,asking / Best Offer,eBay page showed Best Offer at observation,engine,Used; seller discloses small oil-pan crack and says JB Weld was used for compression testing,mi,Seller title says 47k miles; not independently verified,USD,N55 3.0L long block (seller title),n55-ebay-f87-m2-longblock-47kmi-oilpan,N55,Seller title says 2016-2021; actual donor year unknown,F87 M2 named in seller title; actual donor/year not identified,47000,7499.95,oem-garage,"Hollywood, Florida, United States",,Long block; do not treat as dressed complete engine; oil pan defect/repair disclosed,https://www.ebay.com/itm/405805573613,"Kept separately for the original N55 F87 M2 market, but not as a clean donor-identification or complete-engine benchmark. Seller's broad 2016-2021/N55 title may conflate M2 variants; exact source year/VIN and specific engine code are unresolved.",,b_market.json,10601.93,2026-09-24,Current asking evidence,,,,,,,,,,,,
2026-09-25,asking / Best Offer,eBay page showed Best Offer at observation,engine,Used; seller says engine runs good and compression tested,mi,Seller note says X4 M40i with 117k miles,USD,N55B30 (seller title),n55-ebay-x4m40i-117kmi,N55,2016-2018 title fitment; actual donor year unknown,Seller note says engine came from an X4 M40i; exact model year not stated,117000,4137.23,AUTOHUB SHOP,,,Engine assembly; exact accessories not itemized,https://www.ebay.com/itm/117255152782,"Listing title also mentions M2 as application, but seller note identifies the donor as X4 M40i and says it may fit M2 subject to oil-pan changes. Keep the donor statement and compatibility claim distinct. A checkout coupon was shown but not used in the listed price.",,b_market.json,5848.39,2026-09-24,Current asking evidence,,,,,,,,,,,,
2026-09-25,asking,Product page live with displayed price; current stock quantity not exposed,transmission,Used; seller says removed from a running vehicle,mi,Seller product description states 34k; not independently verified,USD,GS7D36SG DCT (seller title); 7-speed dual clutch,n55-ebay-f87-m2-dct-gs7d36sg-2017-34kmi,N55,2017 donor per seller; page title fitment 2015-2018,2017 BMW F87 M2 per seller product description,34000,2499.99,Redline Auto Parts,,967580949625,DCT transmission; seller notes reuse of some hardware/shift lever; no engine included,https://www.redlineautoparts.com/bmw/2015-2018-bmw-m2-dct-dual-clutch-automatic-transmission-gs7d36sg-b2008/,Useful original-M2 DCT price reference; page says ships to Canada and lower 48. Seller page has a typo in one prose year range; title says 2015-2018 and donor note identifies 2017. Not an S55 M2 Competition transmission.,,b_market.json,3533.99,2026-09-24,Current asking evidence,,,,,,,,,,,,
2026-09-25,asking / Best Offer; $265 shipping shown separately,eBay page showed Buy It Now at observation,transmission,Used,,,USD,8HP45X automatic transmission (seller title),n55-ebay-335i-xdrive-8hp45x-trans,N55,2012-2018 listing fitment,2012-2018 BMW 335i xDrive F30 listing fitment; actual donor not stated,,899.99,Part-O-Mart,"Wilmington, Delaware, United States",,Automatic transmission only; no additional drivetrain contents stated,https://www.ebay.com/itm/357528611332,The page title specifies 335i xDrive and 8HP45X. Its broad compatibility table also names unrelated BMWs; do not use that table to generalize the gearbox.,,b_market.json,1272.23,2026-09-24,Current asking evidence,,,,,,,,,,,,
2026-09-25,asking / Best Offer,eBay page showed Buy It Now at observation,engine,Used; eBay condition text says fully operational,,,USD,B46B20B (seller title),b46-ebay-g20-330i-b46b20b,B46,2019-2024 listing fitment,G20 BMW 330i RWD listing fitment; actual donor/year not stated,,3999,torens_usa,"Miami, Florida, United States",,Engine assembly; exact dress/accessories not itemized,https://www.ebay.com/itm/336495830234,"B46B20B is seller-title wording. Model-year range is the seller's stated listing fitment, not an identified source vehicle.",,b_market.json,5652.99,2026-09-24,Current asking evidence,,,,,,,,,,,,
2026-09-25,asking / Best Offer,eBay page showed Buy It Now at observation,engine,Used,mi,"eBay item specifics state 48,829 miles; title rounds to 48k",USD,B46D (seller title); item specifics also state B46/B46B20B,b46-ebay-g01-x3-30i-b46d-48829mi,B46,2020-2021 listing fitment,2020-2021 BMW X3 30i G01 RWD listing fitment; actual donor/year not stated,48829,4289,My Parts Plaza,"Inman, South Carolina, United States",LOT2356,Seller title calls it a complete engine; no transmission included in title,https://www.ebay.com/itm/115819715555,Seller title names B46D and item specifics list several related codes. Keep the code discrepancy visible; do not infer one exact engine-code fitment from the multi-code fields.,,b_market.json,6062.93,2026-09-24,Current asking evidence,,,,,,,,,,,,
2026-09-25,displayed ask; call required to confirm availability,Page has Buy Now but also says Call For Availability; not independently confirmed,engine,Used; seller claims compression-tested and leak-inspected,mi,"Seller product page states 54,926 miles",USD,B48 (seller product page labels the 2.0L engine B48),b48-ebay-530i-awd-2017-54926mi-call,B48,2017,2017 BMW 530i 2.0L AWD; exact donor VIN not stated,54926,6100,Blue Prism Automotive,,,"Seller page says full assembly including intake/exhaust manifolds, injectors, throttle body, pump and harness",https://www.blueprismautomotive.com/product-page/2017-bmw-530i-2-0l-awd-engine-motor-assembly-for-sale,"Seller claims one-year warranty and 54,926 miles. Do not interpret the page's broad compatibility mentions as exact donor configuration; price/stock need seller confirmation, and no contact was made.",,b_market.json,8622.96,2026-09-24,Current asking evidence,,,,,,,,,,,,
2026-09-25,ended asking,"Ended June 29, 2026 because item was no longer available",engine,Used; listing details not sufficient to assess engine condition,mi,Seller title and item specifics state 138K miles,USD,,b48b46-ebay-lkq-530i-2017-138k-ended,B48/B46 unresolved,2017 listing title,2017 BMW 530i 2.0L; exact engine code/source VIN not stated,138000,3604,LKQ,"Crystal River, Florida, United States",LKQ448848052,Engine listing; external accessories not itemized,https://www.ebay.com/itm/366381459236,"Historical ask of $3,604; no engine code is stated so family remains unresolved. Ended reason explicitly said no longer available; this is not a sold-price observation.",,b_market.json,5094.61,2026-09-24,Historical / ended,,,,,,,,,,,,
2026-09-25,"seller displayed $3,800 but note says PRICES VARY; not a reliable individual ask or confirmed sold price",Marked SOLD on eBay at observation; sale amount not established,engine,Used,mi,Seller title says 30K,USD,B46D (seller title),b46-ebay-b46d-330-430-530-x3-sold-pricevar,B46,2019-2023 listing fitment,Listing fitment: 2019-2023 BMW 330i/430i/530i/X3; actual donor not stated,30000,,MyAvtoPartss By LN Engines,"Rancho Cordova, California, United States",,Engine assembly; accessories not itemized,https://www.ebay.com/itm/327265889068,"Retained for family/application evidence but excluded from price comparisons: page shows $3,800 and the seller note says 'PRICES VARY.' Do not call $3,800 a transaction price.",,b_market.json,,2026-09-24,Historical / ended,,,,,,,,,,,,
2026-09-25,asking,eBay page showed Buy It Now at observation,engine,"Used; seller notes running-engine tests, smooth idle, and no major leaks found on teardown",mi,Seller title says 70k,USD,B46B20B (seller title and fitment note),b46-ebay-530i-x3-x4-b46b20b-awd-70kmi,B46,2017-2019 listing fitment,2017-2019 BMW 530i/X3/X4 AWD listing fitment; actual donor not stated,70000,3386.63,Viking Used Auto Parts,"Oroville, California, United States",,Engine assembly; accessories not fully itemized,https://www.ebay.com/itm/236425639631,"Seller title states AWD B46B20B; item specifics list 2018-2019 530i xDrive and X3/X4 fitment. The seller says it starts/runs smoothly and has no major teardown leaks; these remain seller claims, not independent testing.",,b_market.json,4787.34,2026-09-24,Current asking evidence,,,,,,,,,,,,
2026-09-25,asking / Best Offer; $295.95 freight shown separately,eBay page showed Buy It Now at observation,core,Used,mi,Seller condition note says 80k miles,USD,B46B20B (seller condition note),b46-ebay-g20-g30-b46b20b-rwd-longblock-80kmi,B46,2019-2021 listing fitment,2019-2021 G20/G30 330i/530i RWD listing fitment; actual donor not stated,80000,1950,Straight Six Auto Parts,"Oceanside, California, United States",,"Seller title says long block and complete engine; item specifics type says complete assembly, but external dress is not enumerated",https://www.ebay.com/itm/227335996675,"Seller title and note say RWD-only B46B20B. The long-block versus complete-assembly wording conflicts, so classify cautiously as core/long block pending contents verification. The item compatibility table includes 2020-21 330i and additional fitments; no actual source VIN identified.",,b_market.json,2756.52,2026-09-24,Current asking evidence,,,,,,,,,,,,
2026-09-25,asking,active,transmission,Used; eBay listing says used and seller note says 60-day parts-only warranty.,miles,Seller note says pulled from a 2015 BMW M4 with 52k miles; title says 52k.,USD,"Seller-stated GS7D36SG, 7-speed; exact BMW application unresolved",dct_gs7d36sg_398157193876,BMW M-DCT,2015,2015 BMW M4 F82 (seller-stated donor; title also advertises F80/F82/F87 interchange),52k,1600.0,Pro Auto Shop,"Canton, Georgia, United States",,Transmission assembly; included ancillaries are not specified.,https://www.ebay.com/itm/398157193876,"eBay page displayed Buy It Now at US$1,600 and US$430 flat-rate freight. Seller note says 60-day parts-only warranty with certified-shop installation requirement. BMW F80/F82 training material discusses GS7D36BG as the housing/bearing basis and an S55-adapted bellhousing, while RealOEM's F80 M3 DCT parts diagram labels GS7D36SG. This source nomenclature conflict means seller's GS7D36SG neither proves nor disproves the 2015 F82 M4 claim; verify photographed tag, BMW part number, and donor VIN/build.",,transmissions.json,2261.76,2026-09-24,Current asking evidence,,,,,,,,,,,,
2026-09-25,asking,active,transmission,Used; eBay listing says used.,miles,eBay title states 61k miles while item specifics state 60k miles; unresolved discrepancy retained.,USD,"Seller-stated GS7D36SG, 7-speed; donor/engine unverified",dct_gs7d36sg_117202560560,BMW M-DCT,,F80/F82/F87 M2/M3/M4 fitment claim in listing; original donor not identified,,1400.0,StrictlySalvageLLC,"Antelope, California, United States",,Transmission assembly; included ancillaries are not specified.,https://www.ebay.com/itm/117202560560,"Buy It Now at US$1,400 plus US$400 freight. Item page's title and mileage-specific field disagree (61k vs 60k); neither is promoted as verified donor mileage. Seller's broad F80/F82/F87 compatibility is not exact engine-interface evidence. BMW F80/F82 training material and F80 M3 parts-catalog mirror use conflicting GS7D36BG/GS7D36SG nomenclature around the S55-adapted bellhousing; seller code neither proves nor disproves fitment. Verify photographed tag, BMW part number, and donor VIN/build. Listing number differs from Pro Auto Shop unit; no evidence found that these are duplicate inventory.",,transmissions.json,1979.04,2026-09-24,Current asking evidence,,,,,,,,,,,,
2026-09-25,asking,active,transmission,Used; eBay listing says used.,miles,,USD,"BMW GA8HP45Z / seller code WF5, RWD",hp45z_n55_f10_304774084202,ZF 8HP,2011,"2011 BMW 535i F10, RWD (seller-stated)",,799.99,Esra Motors,"Garland, Texas, United States",WF5,Transmission assembly; converter and included ancillaries unspecified.,https://www.ebay.com/itm/304774084202,Page displayed Buy It Now US$799.99 and recent-discount presentation; shipping was not shown as included and seller does not accept returns. Listing title says 2011 535i RWD and item field gives GA8HP45Z/WF5; confirm BMW part number and donor VIN before treating as a match.,,transmissions.json,1130.87,2026-09-24,Current asking evidence,,,,,,,,,,,,
2026-09-25,asking,active,transmission,Used; eBay listing says used.,miles,,USD,"8HP45, F30 RWD application; BMW GA code not readable in listing text",hp45_n55_f30_336416648274,ZF 8HP,2012-2013,"2012-2013 BMW 335i F30 RWD, N55 (seller-stated)",,643.03,Viking Used Auto Parts,"Oroville, California, United States",,Transmission assembly; ancillaries not specified.,https://www.ebay.com/itm/336416648274,Buy It Now US$643.03 plus US$150 freight. Title and image alt text say 2012-2013 F30 335i N55 8HP45 RWD. The listing page did not expose an exact BMW transmission code or mileage; do not infer either.,,transmissions.json,908.99,2026-09-24,Current asking evidence,,,,,,,,,,,,
2026-09-25,asking,active,transmission,Used; eBay listing says used.,miles,No mileage shown in title or item details available on the observed page.,USD,"BMW GA8HP45Z, RWD (seller-stated)",hp45z_n55_f30_168381177260,ZF 8HP,2012-2013,"2012-2013 BMW 335i F30 RWD, 3.0L (seller title; N55 inferred from application)",,359.14,SPECIALIZED GERMAN,"Rancho Cordova, California, United States",,Transmission assembly; ancillaries not specified.,https://www.ebay.com/itm/168381177260,"Page showed Buy It Now and sale countdown, US$359.14 item price plus US$450 freight. Seller condition note says 'GA8HP45Z 8 speed A.T.' The seller does not specify the engine in the title; N55 mapping follows the 2012-2013 F30 335i donor label, not a verified donor VIN.",,transmissions.json,507.68,2026-09-24,Current asking evidence,,,,,,,,,,,,
2026-09-25,asking,active,transmission,Used; eBay listing says used OEM.,miles,"Seller title/notes state 36K; detailed seller note gives 36,830 miles.",USD,"BMW GA8HP50Z, RWD (seller-stated)",hp50z_b46_f32_157831436745,ZF 8HP,2017,"2017 BMW 430i RWD, 2.0L (seller-stated; North American engine subtype not stated by seller)","36,830",1566.88,Nationwide Auto Recycling,"Lancaster, Massachusetts, United States",17-220,Transmission assembly; seller includes one-year parts warranty and free freight; other ancillaries unspecified.,https://www.ebay.com/itm/157831436745,"Buy It Now US$1,566.88, free freight; seller shows a one-year parts warranty and page had a sale countdown. Listing explicitly says RWD and GA8HP50Z. Treat 430i engine subtype as unresolved without VIN/market-specific build record.",,transmissions.json,2214.94,2026-09-24,Current asking evidence,,,,,,,,,,,,
2026-09-25,asking,active,transmission,Used; eBay listing says used; seller states 30-day warranty.,miles,"Seller item details state 148,000 miles; listing title does not include mileage.",USD,8HP50 AWD F32/F36 application; seller title omits ZF/BMW X suffix in text,hp50x_b58_f32_389462891537,ZF 8HP,2016-2020,2016-2020 BMW F32/F36 240i/340i/440i AWD B58 claim (seller-stated range; exact donor not identified),"148,000",1115.95,bmwnics,"Garland, Texas, United States",,Transmission assembly; included ancillaries not specified.,https://www.ebay.com/itm/389462891537,"Buy It Now US$1,115.95 plus US$295 freight. The seller labels it AWD but page title/code says GA8HP50 without an X; AWD output variant is not verified from a legible unit tag. Do not assume fitment interchange with an 8HP50Z RWD unit.",,transmissions.json,1577.51,2026-09-24,Current asking evidence,,,,,,,,,,,,
2026-09-25,asking,active,transmission,Used; eBay listing says used.,miles,Seller title and product image state 39k miles.,USD,"BMW GA8HP51Z, RWD (seller-stated)",hp51z_b48_g20_287516750858,ZF 8HP,2019-2023,2019-2023 BMW 330i RWD (seller-stated; B48/B46 subtype not identified in listing),39k,930.23,CARisma M&P,"Jacksonville, Florida, United States",24005A04A51,Transmission assembly; ancillaries unspecified.,https://www.ebay.com/itm/287516750858,"Buy It Now display US$930.23, freight US$295; item page also exposes an optional auto-applied US$100 coupon code. The item-specific seller title identifies GA8HP51Z and RWD; confirm BMW part number/VIN, especially because listing's broad compatibility chart can include multiple trims.",,transmissions.json,1314.97,2026-09-24,Current asking evidence,,,,,,,,,,,,
2026-09-25,asking,active,transmission,Used; eBay listing says used.,miles,Listing title and seller-specific notes state 79K miles; donor VIN/year not exposed in inspected item text.,USD,"BMW GA8P75HZ, RWD PHEV-specific 8-speed",phev_8p75hz_f30_188348537998,ZF 8P plug-in hybrid transmission,2016-2018,2016-2018 BMW 330e F30 RWD (seller-stated range),79K,900.0,City Motors Chicago,"River Grove, Illinois, United States",,Transmission assembly; seller's item page does not establish included hybrid disconnect/electrical ancillaries.,https://www.ebay.com/itm/188348537998,Buy It Now US$900 plus US$249 freight. Seller identifies GA8P75HZ and F30 330e RWD. Standard converter-based 8HP assumptions should not be applied to this PHEV-specific electric-machine/separation-clutch transmission; BMW's training material is the physical-design authority.,,transmissions.json,1272.24,2026-09-24,Current asking evidence,,,,,,,,,,,,
2026-09-25,asking,active,transmission,Used; eBay listing says used OEM factory-spec transmission.,miles,Title and seller note state 36K miles; listing's inspected text does not give exact mileage or donor VIN.,USD,"BMW GA8P75HZ, RWD PHEV-specific 8-speed",phev_8p75hz_f30_188046467046,ZF 8P plug-in hybrid transmission,2016-2018,2016-2018 BMW 330e F30 RWD (seller-stated range; exact donor year unresolved),36K,1559.99,Nationwide Auto Recycling,"Lancaster, Massachusetts, United States",,"Transmission assembly; description says automatic assembly, but included hybrid ancillaries are unspecified.",https://www.ebay.com/itm/188046467046,"Buy It Now US$1,559.99 with free freight. The listing also has a torque-converter-specific catalog field; BMW documentation identifies the F30 PHEV's motorized 8-speed architecture, so the seller field is not treated as proof that a conventional converter is included. Potential separate unit from City Motors listing; same family/donor range is not evidence of duplication.",,transmissions.json,2205.2,2026-09-24,Current asking evidence,,,,,,,,,,,,
2026-09-25,asking,active,transmission,Used; eBay listing says used.,miles,"Title states 51k miles; seller-specific code is XNE, exact odometer/source donor not stated in inspected text.",USD,"BMW GA8HP76X, xDrive / AWD (seller-stated)",hp76x_s58_g80_227335650362,ZF 8HP / BMW M Steptronic,2021-2025,2021-2025 BMW G80/G82 M3/M4 Competition xDrive (seller-stated range; exact year not identified),51k,3995.95,Straight Six Auto Parts,"Oceanside, California, United States",XNE,Transmission assembly; seller requires commercial delivery address; associated AWD transfer case not included or not established.,https://www.ebay.com/itm/227335650362,"Buy It Now US$3,995.95 or best offer plus US$295.95 freight. Listing and seller note explicitly state Competition xDrive only and GA8HP76X. Its AWD transfer-case/output configuration differs physically from RWD; listing does not establish converter, transfer case, or controller completeness.",,transmissions.json,5648.67,2026-09-24,Current asking evidence,,,,,,,,,,,,
2026-09-25,asking,active,transmission,Used; eBay listing says used.,miles,Listing title says 7k; item notes say GA8HP76X-XDS 7k miles.,USD,GA8HP76X according to seller notes; title incorrectly says GA8HP76Z,hp76x_s58_g80_227353377806,ZF 8HP / BMW M Steptronic,2022-2025,2022-2025 BMW G80/G82 M3/M4 Competition xDrive (seller-stated compatibility range; exact source vehicle not identified),7k,3500.0,Straight Six Auto Parts,"Oceanside, California, United States",XDS,Transmission assembly; exact included AWD and electronic parts unspecified.,https://www.ebay.com/itm/227353377806,"Buy It Now US$3,500 plus US$295.95 freight. The title says GA8HP76Z while the seller note says Competition xDrive only and GA8HP76X-XDS; conflict retained and suffix requires tag/part/VIN confirmation. Same seller/category as the separate 51k item, but different eBay item ID and stated mileage; possible inventory relation not independently resolved.",,transmissions.json,4947.6,2026-09-24,Current asking evidence,,,,,,,,,,,,
2026-09-25,asking,active,transmission,Used; eBay listing says used.,miles,"eBay item specifics state 69,130 miles; seller page labels donor 2016 750i xDrive.",USD,"Seller/title: GA8HP75Z; donor says 750i xDrive, where BMW parts catalog calls for GA8HP75X (code/output conflict)",hp75z_n63_g12_188386992150,ZF 8HP,2016,2016 BMW 750i xDrive G12 (seller-stated; V8 donor outside named engine target list),"69,130",1250.0,mmhha.mi.3nzhpjm,"Des Moines, Iowa, United States",,Transmission assembly; converter and ancillaries not specified.,https://www.ebay.com/itm/188386992150,"Buy It Now US$1,250; freight says check item description/contact seller and no fixed amount was shown. The page title, photo labels, and specifics identify GA8HP75Z and 2016 750i xDrive. BMW USA identifies the 2016 750i xDrive as 8HP75 and BMW parts catalog identifies the AWD assembly as GA8HP75X; seller suffix Z conflicts with the AWD donor claim and needs tag/part/VIN confirmation. This is transmission-only V8 donor market evidence, not an in-scope engine package.",,transmissions.json,1767.0,2026-09-24,Current asking evidence,,,,,,,,,,,,
2026-09-25,asking,active,transmission,Used; seller notes good working condition; eBay defines used.,,,USD,Seller-stated ZF 8HP-70X / 8HP70 AWD; BMW F01/F02 750i xDrive application,hp70x_n63_f01_389247636039,ZF 8HP,2013-2015,"2013-2015 BMW 750i xDrive F01/F02, N63 V8 (seller-stated range)",,1089.89,PRT OEM Autoparts,"Reading, Pennsylvania, United States",,Transmission assembly; items included as shown; converter/ancillaries not independently identified.,https://www.ebay.com/itm/389247636039,"Direct eBay page displayed Buy It Now US$1,089.89 plus US$350 flat-rate freight, with 30-day returns. Parent's earlier observation supplied US$708.43; that value was not reproduced when direct page was opened on 2026-09-25, so direct display is recorded and price discrepancy retained. Item page calls unit 8HP-70X/8HP70, lists BMW part number 7646027 and F02 chassis. This is a V8 donor transmission-only item outside the named engine target list; fit is not inferred for a target engine.",,transmissions.json,1540.67,2026-09-24,Current asking evidence,,,,,,,,,,,,
2026-09-25,current_bid,upcoming auction; scheduled 2026-09-28,donor,Front-end damage; Enhanced Vehicles; key unavailable. Engine health unverified.,mi,Copart lists odometer as Actual,USD,inferred from 2020 North American M2 Competition trim,copart-45198763,S55,2020,2020 BMW M2 Competition,22643,3600,USAA via Copart,"FL - Clewiston, USA",Copart lot 45198763,whole donor vehicle; no half-cut or removed engine,https://www.copart.com/lot/45198763/salvage-2020-bmw-m2-competition-fl-clewiston,"Copart shows a $3,600 current bid and a salvage rebuildable title. This is not a sale price. Engine family is inferred from the North American model/trim/year; the auction page lists only 3.0L six-cylinder.",,donor_market.json,5088.96,2026-09-24,Auction bid,,,,,,,,,,,,
2026-09-25,current_bid,upcoming auction; scheduled 2026-09-28,donor,Rear-end damage; salvage certificate. Copart says engine starts and transmission engages; this is not a mechanical inspection.,mi,Copart lists odometer as Actual,USD,inferred from 2026 North American M3 Competition trim,copart-63914886,S58,2026,2026 BMW M3 Competition xDrive,5170,30500,Farmers Insurance via Copart,"CA - Napa, USA",Copart lot 63914886,whole donor vehicle; no half-cut or removed engine,https://www.copart.com/lot/63914886/Photos/salvage-2026-bmw-m3-competition-ca-napa,"Copart page showed $30,500 current bid, seller reserve not met, 5,170 actual miles and rear-end primary damage. The auction's Run and Drive label and engine/transmission checks do not establish engine health. Engine family is inferred from model/trim/year; Copart lists 3.0L six-cylinder.",,donor_market.json,43114.8,2026-09-24,Auction bid,,,,,,,,,,,,
2026-09-25,current_bid_snapshot,sale scheduled 2026-09-25; final outcome not confirmed,donor,Front-end damage; Florida salvage rebuildable title. Copart says engine starts and transmission engages; hybrid-system condition not stated.,mi,Copart lists odometer as Actual,USD,xDrive45e plug-in hybrid; family inferred from North American model configuration,copart-61804306,B58,2021,2021 BMW X5 xDrive45e,52380,5200,GE via Copart,"FL - Miami North, USA",Copart lot 61804306,whole plug-in hybrid SUV donor; no half-cut or removed engine,https://www.copart.com/lot/61804306/salvage-2021-bmw-x5-xdrive45e-fl-miami-north,"Copart page showed $5,200 current bid, 52,380 actual miles, 3.0L six-cylinder, AWD, and Electric And Gas Hybrid. The sale date coincides with this observation date, so treat bid/availability as a snapshot and do not infer a completed sale. Hybrid battery, inverter, and engine health are unresolved.",,donor_market.json,7350.72,2026-09-24,Auction bid,,,,,,,,,,,,
2026-09-25,current_bid,upcoming auction; scheduled 2026-09-28,donor,Rear-end primary damage and Mechanical secondary damage; California salvage certificate. No engine-start claim.,mi,Copart lists odometer as Actual,USD,330i; exact emissions variant unresolved from listing,copart-66986156,B48/B46,2021,2021 BMW 330i,51297,0,,"CA - Martinez, USA",Copart lot 66986156,whole donor vehicle; no half-cut or removed engine,https://www.copart.com/lot/66986156/salvage-2021-bmw-330i-ca-martinez,"Copart showed no bid ($0) before the scheduled auction, not a zero-dollar sale. The listing says rear-end damage plus mechanical damage, so the engine must not be presumed usable. Family is left as B48/B46 because the public lot page does not resolve its emissions specification.",,donor_market.json,0.0,2026-09-24,Auction bid,,,,,,,,,,,,
2026-09-25,current_bid,future auction; sale date not shown,donor,Mechanical primary damage; salvage certificate; manual transmission; key available. Engine condition is unresolved.,mi,Copart lists odometer as Actual,USD,"inferred from 2018 North American base M2, not M2 Competition",copart-61428766,N55,2018,2018 BMW M2,25260,0,CSAA via Copart,"CA - San Jose, USA (vehicle located at San Martin sublot)",Copart lot 61428766,whole donor vehicle; no half-cut or removed engine,https://www.copart.com/lot/61428766/salvage-2018-bmw-m2-ca-san-jose,"Public listing showed $0 current bid and future sale, with mechanical damage and an Actual 25,260 mi reading. Do not confuse the base M2's N55 with the S55 in M2 Competition cars. Family is inferred from the North American base trim/year.",,donor_market.json,0.0,2026-09-24,Auction bid,,,,,,,,,,,,
2026-09-25,documented_sold_price_conflicts_across_archives,sold; final amount unresolved,donor,Front-end primary and rear-end secondary damage; salvage title; keys present; Copart originally labelled Run and Drive.,mi,"Copart and auction archives report 16,832 mi; Copart's pre-sale listing marked Actual",USD,inferred from 2025 North American M2,copart-64501716,S58,2025,2025 BMW M2,16832,,GEICO via Copart,"MD - Baltimore East, USA",Copart lot 64501716; VIN 3MF23DM06S8F25037,whole donor vehicle; auction archived after sale,https://www.copart.com/ru/lot/64501716/salvage-2025-bmw-m2-md-baltimore-east,"Sold status is reported by several auction-history pages, but two archives disagree on this same lot's final bid ($15,300 vs $29,000); Copart's public lot page gives no final amount. Price intentionally null. Do not use archive numbers as a sale price. The engine family is inferred from the North American 2025 M2.",,donor_market.json,,2026-09-24,Historical / ended,,,,,,,,,,,,
2026-09-25,sold_final_price_not_disclosed,sold; sale date 2026-04-28,donor,Front-end primary and side secondary damage; public salvage title. Copart says engine starts and transmission engages; hybrid-system condition unknown.,mi,Copart lists odometer as Actual,USD,xDrive45e plug-in hybrid; family inferred from North American model configuration,copart-47992016,B58,2021,2021 BMW X5 xDrive45e,46586,,,"CO - Denver, USA",Copart lot 47992016,whole plug-in hybrid SUV donor; archived after auction,https://www.copart.com/lot/47992016/Photos/2021-bmw-x5-xdrive45e-co-denver,"Copart marks the lot Sold but does not expose the final sale amount on its public page. Fuel is recorded as Electric And Gas Hybrid; actual odometer is 46,586 mi. Run and Drive and engine/transmission checks are yard claims, not a health guarantee.",,donor_market.json,,2026-09-24,Historical / ended,,,,,,,,,,,,
2026-09-22 (page snapshot; retrieved 2026-09-25),historical_pre_sale_bid_snapshot_final_sale_unknown,auction date passed; final outcome not found,donor,Front-end damage; Ontario Permit Salvage. Copart's listing carried Run and Drive and engine/transmission-start checks; hybrid-system health unknown.,km,Copart lists odometer as Not Actual,CAD,330xe plug-in hybrid; exact emissions variant unresolved from listing,copart-61352056,B48/B46,2021,2021 BMW 330xe,133925,8200,,"ON - Cookstown, Canada",Copart lot 61352056,whole plug-in hybrid sedan donor; no half-cut or removed engine,https://www.copart.com/lot/61352056/salvage-2021-bmw-330xe-on-cookstown,"The page snapshot showed an $8,200 CAD current bid ahead of the 2026-09-22 sale and 133,925 km marked Not Actual. That bid is not a sale price; final outcome was not located. Engine family is retained as B48/B46 because the public page does not resolve the emissions version.",,donor_market.json,8200.0,,Historical / ended,,,,,,,,,,,,
2026-09-25,seller_asking_price,listing visible; item availability not confirmed,engine,"Used; no compression, oil-pressure, or run-test evidence in listing",mi,Seller-stated engine mileage in listing text; donor odometer not separately documented,USD,seller-stated S55 removed from 2015 M4,offerup-c920bf31-s55-m4-partout,S55,2015,"2015 BMW M4, already parted out",49000,10500,Straight Six Auto Parts,"Oceanside, California, USA",,S55 engine offered separately; inclusions not itemized,https://offerup.com/item/detail/c920bf31-f995-36d0-a9ee-055d4d60ba26,"OfferUp description says the whole car is not for sale because it is already parted out; it lists an S55 engine at 49k miles for $10.5k. This is an asking price, not a transaction.",,donor_market.json,14842.8,2026-09-24,Current asking evidence,,,,,,,,,,,,
2026-09-25,seller_asking_price,listing visible; item availability not confirmed,engine,Used; seller says internal condition is shown in photos and offers up to six months warranty; no independent test evidence,mi,Seller-stated donor-engine mileage in listing,USD,seller-stated S55 removed from 2017 M4,offerup-615a616e-s55-longblock,S55,2017,2017 BMW M4,30000,4995,Kirk Popov via OfferUp,"Los Angeles, California, USA",,long block; accessories/inclusions not fully specified,https://offerup.com/item/detail/615a616e-5a6a-3e18-87b9-d3c71fab5fa9,"OfferUp shows $4,995 (reduced from $6,995) and a separate $4,000 refundable core deposit, subject to core evaluation. The deposit is not included in the displayed engine ask.",,donor_market.json,7060.93,2026-09-24,Current asking evidence,,,,,,,,,,,,
2026-09-25,buy_it_now_or_best_offer_asking_price,listing visible; last update shown as 2026-07-25,engine,Used; no returns; no running/compression evidence in visible listing,mi,"eBay item specifics report 78,000 miles; seller listing title calls it 78K",USD,seller-listed B48; title covers 2018-2021 330i/230i,ebay-177691040750-b48-engine,B48,,2018-2021 BMW 330i or 230i (exact donor year not stated),78000,3500,zerpo_44 via eBay,"Hickory, North Carolina, USA",eBay item 177691040750,"seller lists complete assembly including cylinder head, camshaft, valve covers, oil pan, oil pump, timing chain/cover and water pump",https://www.ebay.com/itm/177691040750,"eBay displayed $3,500 or Best Offer and Buy It Now. Shipping amount was not specified on the public page and must be confirmed; seller does not accept returns. The family code is seller-stated, not independently tested.",,donor_market.json,4947.6,2026-09-24,Current asking evidence,,,,,,,,,,,,
2026-09-25,seller_asking_price,product page shows Add to cart; stock not confirmed,engine,Used engine assembly; visible product page did not provide a condition test or warranty claim,mi,"Seller product page reports 65,957 miles",USD,seller-listed B58 Gen 2 from 2020 M340i RWD,amj-2020-m340i-b58-engine,B58,2020,2020 BMW M340i G20 RWD,65957,6250,AMJ Auto Supply,"Lambertville, New Jersey, USA (seller pickup address; engine location not independently stated)",AMJ SKU/tag 1889,engine assembly; included accessories not itemized,https://amjautosupply.com/products/2020-bmw-m340i-g20-rwd-3-0-b58-engine-motor-assembly-65k-miles,"AMJ displayed $6,250 for an engine listed as 2020 M340i, 65,957 miles, B58 Gen 2. Freight cost is not shown; seller policy says freight delivery time depends on shipment and returns may carry a 15% restocking fee.",,donor_market.json,8835.0,2026-09-24,Current asking evidence,,,,,,,,,,,,
2026-09-25,quote_only_vehicle_post_price_not_used,listing updated 2026-09-24; parts availability not confirmed,donor,Classified post labels vehicle salvage; engine condition and operating status not given,mi,,USD,inferred from 2011 North American 335i; listing does not show engine code,craigslist-7967372331-n55-partout,N55,2011,2011 BMW 335i being parted out,,,Craigslist poster; name not shown,"Alvarado / Burleson / Fort Worth area, Texas, USA",Craigslist post 7967372331,whole-car part-out notice; listing says engine and transmission are available but does not itemize inclusions,https://www.craigslist.org/view/d/keene-2011-bmw-335i-p34-parting-out/fHmLpG7YmkXybaAbJYYnFK,"Post says 'All Parts For Sale', 'Parting out car' and asks readers to call/text for needs. The $72 shown in the post title is not treated as an engine or whole-donor price; no engine asking price, mileage or title detail beyond salvage is established.",,donor_market.json,,2026-09-24,Quote only / unavailable price,,,,,,,,,,,,
2026-09-25,engine_unpriced_part_out_listing_sold,listing marked sold; engine sale not established,core,Listing marked SOLD; seller says the car was upgraded to a Stage 3 built engine; stock S58 engine condition not stated,mi,Seller-stated vehicle mileage in OfferUp description,USD,seller-stated S58 from 2022 M4 manual,offerup-a75dd02c-s58-partout,S58,2022,"2022 BMW M4, upgraded with built engine; stock parts advertised",1465,,Dave via OfferUp,"Hemet, California, USA",,part-out notice; stock S58 long block not individually priced or confirmed available,https://offerup.com/item/detail/a75dd02c-460b-33ab-8311-d47c94cacaf8,OfferUp page is marked SOLD. Text lists some stock parts and prices (including turbos) but no price for the stock S58 engine; no engine sale or profit claim is inferred.,,donor_market.json,,2026-09-24,Historical / ended,,,,,,,,,,,,
2026-09-25,sold_archive_conflict_final_price_omitted,auction date 2026-09-14 passed; archive labels sold,donor,Front-end damage; NY salvage certificate; key present. Copart Run and Drive and engine/transmission checks are not a health guarantee.,mi,Copart lists odometer as Actual,USD,inferred from 2021 North American X3 M Competition,copart-67340106-x3m-archive,S58,2021,2021 BMW X3 M Competition,49298,,GE via Copart,"NY - Albany, USA",Copart lot 67340106; VIN 5YMTS0C00M9H24429,whole donor vehicle; archived after auction,https://www.copart.com/lot/67340106/Photos/salvage-2021-bmw-x3-m-competition-ny-albany,"Copart's page gives 49,298 actual miles and front-end damage. BidUSA archive reports sold but contradicts itself: its headline final offer is $25,000 while its sale-history row says $21,300. Price therefore null. No current availability.",,donor_market.json,,2026-09-24,Historical / ended,,,,,,,,,,,,
2026-09-26,historical ask; page says no longer available,No longer available according to item page; exclude from current-ask statistics.,donor,"Seller reports runs well, no issues or dash lights; tuned to approximately 550 hp; needs front tires, which seller might replace.",km,Seller text and Kijiji card; seller warns car is driven so mileage may change.,CAD,2019 BMW M2 Competition,KJ-M2C-2019-whole-car,S55,2019,2019 BMW M2 Competition,96000,58500,,"Armstrong, British Columbia, Canada",,"Whole vehicle; Dinan carbon intake and DCT listed; title, VIN, service records and gearbox condition not shown in captured page.",https://web.kijiji.ca/v-cars-trucks/vernon/2019-m2-competition/1738127687,The DCT and S55 are seller-described; this is not a transmission-only price or proof of interchange.,Kijiji; follow-up classified evidence,marketplace-followup.json,58500.0,,Historical / ended,Kijiji Canada,individual_item_page,whole donor vehicle,Seller identifies S55 twin-turbo; model/trim is 2019 M2 Competition.,Seller says DCT; Kijiji vehicle card says automatic.,"whole vehicle asking price, not engine or transmission price","Direct item page returned by public search, with explicit No Longer Available status.",Distinct whole-car offer; not the existing Kijiji S55 engine-only search lead.,https://web.kijiji.ca/v-cars-trucks/vernon/2019-m2-competition/1738127687,Open item source ↗,,
2026-09-26,indexed ask; taxes extra (page labels GST); current availability unverified,"Unverified; search returned the detailed item text, while a later direct open was rate-limited.",donor,"Used; page advertises PPF, full tint and remaining manufacturer warranty. Damage and mechanical inspection details not captured.",km,Kijiji item card and description.,CAD,2023 BMW M3 Competition xDrive Sedan,KJ-M3C-2023-whole-car,S58,2023,2023 BMW M3 Competition xDrive Sedan,39435,104980,,"Edmonton, Alberta, Canada",,Whole vehicle; engine and transmission remain installed.,https://www.kijiji.ca/v-cars-trucks/edmonton/2023-bmw-m3-competition-m-xdrive-sedan-ppf-full-tint-remai/1739736868,Whole-car retail ask only; not a dismantled engine price.,Kijiji; follow-up classified evidence,marketplace-followup.json,104980.0,,Unverified lead,Kijiji Canada,individual_item_page_in_search_result,whole donor vehicle,Item description identifies S58 engine code.,"8-speed M Steptronic automatic, seller-stated",whole vehicle asking price,"Detailed public search result contained donor, price, mileage, S58 code and 8-speed transmission; no seller contact.",No exact duplicate found in the existing 113-record set.,https://www.kijiji.ca/v-cars-trucks/edmonton/2023-bmw-m3-competition-m-xdrive-sedan-ppf-full-tint-remai/1739736868,Open item source ↗,https://www.kijiji.ca/b-cars-trucks/canada/bmw-m3-competition/k0c174l0,
2026-09-26,indexed ask; HST extra; current availability unverified,"Unverified; search returned detailed item text, while a later direct open was rate-limited.",donor,Seller describes good condition and says it passed a multipoint inspection; not independently verified.,km,Seller text and Kijiji item page.,CAD,2023 BMW M240i xDrive Coupe,KJ-M240-2023-whole-car,B58,2023,2023 BMW M240i xDrive Coupe,51660,52999,"Dan Zhou (owner, per item page)","Toronto, Ontario, Canada",,Whole vehicle; engine remains installed.,https://www.kijiji.ca/v-cars-trucks/city-of-toronto/2023-bmw-m240i-xdrive-coupe/1739424902,Whole-car retail ask only; the displayed currency is inferred as CAD from the Kijiji Canada market.,Kijiji; follow-up classified evidence,marketplace-followup.json,52999.0,,Unverified lead,Kijiji Canada,individual_item_page_in_search_result,whole donor vehicle,Seller identifies B58 3.0L engine.,Not stated in captured item text.,whole vehicle asking price,Detailed public search result contained item details; seller not contacted.,No exact duplicate found in existing research.,https://www.kijiji.ca/v-cars-trucks/city-of-toronto/2023-bmw-m240i-xdrive-coupe/1739424902,Open item source ↗,,
2026-09-26,search-card ask; taxes extra; current availability unverified,Search result says posted 2 days ago; item URL and current availability not verified.,donor,Dealer text calls it dealer-maintained; no independent inspection evidence captured.,km,Kijiji result card.,CAD,"2016 BMW 340i xDrive, M Sport",KJ-340I-2016-whole-car-card,B58,2016,"2016 BMW 340i xDrive, M Sport",143606,24995,11 Motors (seller text),"Toronto, Ontario, Canada",,Whole vehicle; engine remains installed.,https://www.kijiji.ca/b-cars-trucks/ontario/bmw-320i-2016/k0c174l9004,"Useful local donor-car asking-price lead, but do not mix with engine-only asks.",Kijiji; follow-up classified evidence,marketplace-followup.json,24995.0,,Unverified lead,Kijiji Canada,search_result_card,whole donor vehicle,Seller description names B58 engine.,Not stated in captured card.,whole vehicle asking price,Search result card only.,Distinct whole-car benchmark; not a dismantled engine offer.,,Open discovery search ↗,https://www.kijiji.ca/b-cars-trucks/ontario/bmw-320i-2016/k0c174l9004,
2026-09-26,search-card ask; current availability unverified,Search-card evidence only; underlying search page is old and current stock is unverified.,engine,"Seller says great running, compression test done, warranty included and video available; all claims unverified.",,Seller text says 183K but the captured result does not state mi or km; unit deliberately left unresolved.,CAD,"2011 BMW 335xi, automatic",KJ-N55-2011-335xi-engine-card,N55,2011,"2011 BMW 335xi, automatic",183K (unit unknown),3500,Bimmer Heaven (seller text),"Oakville / Halton Region, Ontario, Canada",,Engine inclusions not itemized; delivery extra.,https://www.kijiji.ca/b-oakville-halton-region/bmw-bmw-335i/k0l1700277,Do not convert the ambiguous 183K unit or treat seller test/warranty claims as independent evidence.,Kijiji; follow-up classified evidence,marketplace-followup.json,3500.0,,Unverified lead,Kijiji Canada,search_result_card,engine,Seller identifies N55 in listing text.,Automatic donor; transmission not offered in captured text.,engine asking price,"Search result card, not an individually opened item page.",No exact duplicate identified; distinct from the 2011 335xi part-out lead below.,,Open discovery search ↗,https://www.kijiji.ca/b-oakville-halton-region/bmw-bmw-335i/k0l1700277,
2026-09-26,search-card ask; source page crawled over a year ago; not current evidence,Unknown; old search index only. Exclude from current-ask statistics.,engine,Seller calls it great-running and says it can be seen running before purchase; seller claim only.,km,Seller text in indexed Kijiji result.,CAD,2011 BMW X3 3.5i,KJ-N55-2011-X3-engine-card,N55,2011,2011 BMW X3 3.5i,287000,4500,,"Oakville / Halton Region, Ontario, Canada",,Not itemized.,https://www.kijiji.ca/b-other-auto-parts-and-accessories/ontario/bmw-x5-parts/k0c321l9004,"A dated lead, not a current quote.",Kijiji; follow-up classified evidence,marketplace-followup.json,4500.0,,Unverified lead,Kijiji Canada,search_result_card,engine,Seller identifies N55.,,engine asking price,Search-result card only; individual item URL not resolved.,Distinct from the 2011 335xi engine offer and existing Car-Part listings.,,Open discovery search ↗,https://www.kijiji.ca/b-other-auto-parts-and-accessories/ontario/bmw-x5-parts/k0c321l9004,
2026-09-26,search-card ask; source page crawled over a year ago; not current evidence,Unknown; old search index only. Exclude from current-ask statistics.,engine,Seller says like-new/perfect but notes a small valve-cover crack from an accident; seller claims 30-day warranty.,km,Indexed ad text says 17k km; unit follows the Canadian listing context.,CAD,2021 BMW X4 M40i,KJ-B58-2021-X4M40i-engine-card,B58,2021,2021 BMW X4 M40i,17000,9000,,"Mississauga / Peel Region, Ontario, Canada",,Not itemized; accessories and turbo inclusion unknown.,https://www.kijiji.ca/b-gta-greater-toronto-area/valve-cover-bmw/k0l1700272,"Existing Car-Part X4 M40i records are 2019 donors at different mileage/sellers, so they are not exact duplicates.",Kijiji; follow-up classified evidence,marketplace-followup.json,9000.0,,Unverified lead,Kijiji Canada,search_result_card,engine,Seller identifies B58; donor is listed as a 2021 X4 M40i.,,engine asking price,Search-result card only; individual item URL not resolved.,"Same donor model/year family as existing Car-Part X4 M40i engine offers, but no evidence this is the same physical engine or listing. Treat as a separate possible comparable, not a duplicate removal.",,Open discovery search ↗,https://www.kijiji.ca/b-gta-greater-toronto-area/valve-cover-bmw/k0l1700272,
2026-09-26,unpriced part-out lead,Recent indexed post; item-level availability not verified.,core,Seller says timing jumped and intake valves bent; material engine damage explicitly disclosed.,,,CAD,damaged engine part-out,KJ-S55-partout-damaged-card,S55,,,,,,"Oshawa / Durham Region, Ontario, Canada",,Part-out; requested parts priced individually; engine assembly availability and inclusions unknown.,https://www.kijiji.ca/b-engines-and-engine-parts/oshawa-durham-region/bmw-owner/k0c318l1700275,"Useful condition-risk evidence, not a price observation.",Kijiji; follow-up classified evidence,marketplace-followup.json,,,Unverified lead,Kijiji Canada,search_result_card,damaged engine part-out,Seller's title says BMW S55; exact donor model/year not shown.,,not priced; displayed $1 is a placeholder and seller says item prices on request,Search-result card only; direct item URL not resolved.,Distinct from the existing Kijiji S55 engine-only result lead; no common stock ID or seller evidence found.,,Open discovery search ↗,https://www.kijiji.ca/b-engines-and-engine-parts/oshawa-durham-region/bmw-owner/k0c318l1700275,Search card says 2 days ago.
2026-09-26,unpriced part-out lead,Indexed result present; direct item request returned HTTP 429; current availability not confirmed.,donor,Seller claims perfect-running drivetrain; not independently tested.,km,,CAD,"2014 BMW F30 335xi, automatic",KJ-N55-2014-335xi-partout,N55,2014,"2014 BMW F30 335xi, automatic",,,,"Markham / York Region, Ontario, Canada",,"Whole-car part-out; engine, transmission and individual inclusions/prices must be confirmed.",https://www.kijiji.ca/v-engines-and-engine-parts/markham-york-region/2014-bmw-335i-n55-engine-full-part-out-f30-f31-f32-f33-f34-f36/1739527239,Do not use $777 as an N55 engine or donor price.,Kijiji; follow-up classified evidence,marketplace-followup.json,,,Unverified lead,Kijiji Canada,individual_item_url_direct_open_rate_limited,whole-car part-out lead,Title names N55; donor is a 2014 F30 335xi.,Automatic donor; gearbox sale not specifically confirmed.,not priced; displayed $777 is a generic part-out placeholder,"Direct URL resolved from a Kijiji result-card link, but item page could not be fetched.",Distinct part-out lead; no exact match in the existing dataset.,https://www.kijiji.ca/v-engines-and-engine-parts/markham-york-region/2014-bmw-335i-n55-engine-full-part-out-f30-f31-f32-f33-f34-f36/1739527239,Open item source ↗,https://www.kijiji.ca/b-ontario/bmw-335i-2014/k0l9004,
2026-09-26,unpriced part-out lead; index is old,Unknown; old search index only.,donor,No run/test or internal condition evidence in captured text.,km,"Seller title says 100,000KM.",CAD,"2011 BMW 335xi E92, automatic",KJ-N55-2011-335xi-partout-card,N55,2011,"2011 BMW 335xi E92, automatic",100000,,,"Markham / York Region, Ontario, Canada",,"Part-out; engine and transmission mentioned, actual assemblies/inclusions and individual prices need confirmation.",https://www.kijiji.ca/b-engines-and-engine-parts/canada/bmw-n54-engine/k0c318l0,"A lead for a quote, not a current priced drivetrain package.",Kijiji; follow-up classified evidence,marketplace-followup.json,,,Unverified lead,Kijiji Canada,search_result_card,whole-car part-out lead,Seller title/text says N55.,"Automatic donor; seller mentions engine and transmission availability, not exact gearbox tag.",not priced; displayed $987 is a generic part-out placeholder,Search-result card only; individual item URL not resolved.,Distinct from the 2014 F30 335xi part-out; separate year/chassis and mileage claim.,,Open discovery search ↗,https://www.kijiji.ca/b-engines-and-engine-parts/canada/bmw-n54-engine/k0c318l0,
2026-09-26,indexed ask; current availability unverified,Unverified search-card evidence; no seller contact.,transmission,Seller says it was extra stock after the 750i was parted out; no test or condition evidence captured.,km,,CAD,"2012 BMW 750i, per seller",KJ-8HP70-2012-750i-gearbox-card,ZF 8HP,2012,"2012 BMW 750i, per seller",,800,,"Toronto, Ontario, Canada",,"Gearbox only; torque converter, mechatronics, harness, controller, transfer case and accessories not specified.",https://www.kijiji.ca/b-canada/bmw-zf/k0l0,V8 donor family is not evidence of direct B58/N55 fitment. Existing technical guidance treats 8HP70 donors as adaptation-only; require exact tag and interface checks. Seller year/code/AWD-Z combination is unresolved; do not infer the donor year establishes an 8HP.,Kijiji; follow-up classified evidence,marketplace-followup.json,800.0,,Unverified lead,Kijiji Canada,search_result_card,transmission,Seller identifies both ZF and BMW code.,"Seller calls it an AWD 8HP70 / GA8HP70Z; exact tag, suffix, VIN and configuration photo absent.",gearbox asking price,Search result card only; individual item URL not resolved.,"Distinct from the existing eBay 8HP70X listing; this is a seller-described GA8HP70Z unit, but exact fitment remains unresolved.",,Open discovery search ↗,https://www.kijiji.ca/b-canada/bmw-zf/k0l0,Search card says 2 weeks ago.
2026-09-26,no price or specific inventory shown,Listing page surfaced today; specific stock and availability unverified.,supplier lead,Seller claims engines are inspected for compression and overall condition; no unit-specific evidence.,,,CAD,engine supplier lead,KJ-GTR-bmw-engines-quote-lead,Multiple BMW families,,,,,GTR Auto,"Calgary, Alberta, Canada",,No item specified; seller requests VIN or exact engine code for quote.,https://www.kijiji.ca/v-engines-and-engine-parts/calgary/bmw-engines-for-all-models/1734628951,Potential quote source only; not a market-price datapoint.,Kijiji; follow-up classified evidence,marketplace-followup.json,,,Unverified lead,Kijiji Canada,individual_item_page,engine supplier lead,Seller's public description lists engine families stocked or sourced.,,quote required; no item price,Public item page content available; no seller contact.,"Supplier lead, not a duplicate of any priced unit.",https://www.kijiji.ca/v-engines-and-engine-parts/calgary/bmw-engines-for-all-models/1734628951,Open item source ↗,,
